Price,Adj Close,Close,High,Low,Open,Volume
Ticker,THG.L,THG.L,THG.L,THG.L,THG.L,THG.L
Date,,,,,,
2020-09-16,625.0,625.0,658.2999877929688,600.0,600.0,74576399
2020-09-17,585.0,585.0,627.9000244140625,572.5999755859375,625.0,15186138
2020-09-18,592.0,592.0,595.0,565.2999877929688,585.0,3216193
2020-09-21,574.7999877929688,574.7999877929688,609.7999877929688,569.4000244140625,600.0,1990061
2020-09-22,609.0,609.0,610.4000244140625,575.7999877929688,582.0999755859375,3088006
2020-09-23,612.5,612.5,625.0,606.2000122070312,625.0,1299855
2020-09-24,620.2000122070312,620.2000122070312,639.7000122070312,600.0,608.0,1056889
2020-09-25,614.0,614.0,635.7000122070312,610.0,634.9000244140625,1060294
2020-09-28,600.4000244140625,600.4000244140625,627.0,595.4000244140625,627.0,555511
2020-09-29,603.9000244140625,603.9000244140625,611.2999877929688,600.4000244140625,603.9000244140625,222375
2020-09-30,598.2000122070312,598.2000122070312,610.0,585.5999755859375,603.0,1612545
2020-10-01,603.0,603.0,607.7999877929688,592.7999877929688,605.0,323678
2020-10-02,598.0,598.0,604.0,596.0,602.0,158230
2020-10-05,600.0,600.0,607.2000122070312,592.0,592.0,436492
2020-10-06,595.4000244140625,595.4000244140625,601.7999877929688,592.2000122070312,596.4000244140625,1546852
2020-10-07,592.0,592.0,604.7999877929688,590.2000122070312,595.0,189792
2020-10-08,601.7999877929688,601.7999877929688,602.8319702148438,587.2000122070312,594.7999877929688,196971
2020-10-09,597.5999755859375,597.5999755859375,608.7999877929688,586.0,586.0,181749
2020-10-12,595.0,595.0,604.3699951171875,585.7999877929688,600.0,293359
2020-10-13,590.0,590.0,599.7999877929688,579.0,590.2000122070312,497999
2020-10-14,595.0,595.0,607.7999877929688,587.0,607.0,317259
2020-10-15,597.0,597.0,602.7999877929688,585.2000122070312,602.4000244140625,323412
2020-10-16,584.2000122070312,584.2000122070312,605.0,584.2000122070312,605.0,529396
2020-10-19,600.0,600.0,600.0,583.7999877929688,585.2000122070312,578852
2020-10-20,612.4000244140625,612.4000244140625,612.4000244140625,587.47998046875,604.7999877929688,552662
2020-10-21,625.0,625.0,633.0,607.2000122070312,611.0,1619022
2020-10-22,625.0,625.0,628.7999877929688,606.5999755859375,627.7999877929688,925997
2020-10-23,666.5999755859375,666.5999755859375,669.7999877929688,618.5999755859375,625.0,1005707
2020-10-26,694.7999877929688,694.7999877929688,787.7999877929688,618.5999755859375,670.0,1081975
2020-10-27,703.7999877929688,703.7999877929688,730.0,691.0,715.4000244140625,1259410
2020-10-28,678.7999877929688,678.7999877929688,727.0,658.0,724.2000122070312,700662
2020-10-29,669.5999755859375,669.5999755859375,685.0,657.4000244140625,680.0,271631
2020-10-30,659.5999755859375,659.5999755859375,693.4000244140625,651.0,680.0,530428
2020-11-02,634.0,634.0,677.4000244140625,630.2000122070312,673.4000244140625,952714
2020-11-03,657.2000122070312,657.2000122070312,665.2000122070312,640.4000244140625,650.0,327770
2020-11-04,674.0,674.0,682.4000244140625,643.0,643.0,328137
2020-11-05,679.4000244140625,679.4000244140625,702.0,662.5999755859375,680.0,403190
2020-11-06,697.2000122070312,697.2000122070312,701.5999755859375,675.2000122070312,681.0,746817
2020-11-09,630.0,630.0,724.7999877929688,611.2000122070312,716.0,1184811
2020-11-10,607.0,607.0,665.4000244140625,586.2000122070312,643.0,803810
2020-11-11,620.0,620.0,630.0,599.0,622.4000244140625,643230
2020-11-12,611.2000122070312,611.2000122070312,634.7999877929688,610.0,622.5999755859375,562227
2020-11-13,633.0,633.0,644.4000244140625,605.1420288085938,620.0,524734
2020-11-16,647.7999877929688,647.7999877929688,657.5999755859375,611.2000122070312,638.7999877929688,567326
2020-11-17,625.2000122070312,625.2000122070312,662.7999877929688,623.2000122070312,658.0,452010
2020-11-18,647.0,647.0,650.4000244140625,622.0,622.0,346100
2020-11-19,650.0,650.0,657.7999877929688,639.0,653.7999877929688,312290
2020-11-20,645.0,645.0,655.4600219726562,637.0,644.5999755859375,409599
2020-11-23,619.7999877929688,619.7999877929688,657.0,602.7899780273438,646.2000122070312,1063760
2020-11-24,595.5999755859375,595.5999755859375,616.7999877929688,580.2000122070312,615.0,917308
2020-11-25,600.0,600.0,607.7999877929688,590.2000122070312,597.0,560993
2020-11-26,600.0,600.0,610.2000122070312,597.4910278320312,603.0,376604
2020-11-27,607.2000122070312,607.2000122070312,616.0,600.0,600.0,387699
2020-11-30,628.7999877929688,628.7999877929688,632.5999755859375,608.2000122070312,610.0,464533
2020-12-01,660.0,660.0,667.0,626.0,632.0,641904
2020-12-02,670.0,670.0,672.7999877929688,648.0,650.0,600746
2020-12-03,671.5999755859375,671.5999755859375,675.0,661.4000244140625,674.0,375395
2020-12-04,649.0,649.0,678.4000244140625,642.2000122070312,663.0,412508
2020-12-07,668.4000244140625,668.4000244140625,709.7999877929688,662.7999877929688,700.0,1042144
2020-12-08,667.7999877929688,667.7999877929688,682.0,663.780029296875,680.0,553749
2020-12-09,662.5999755859375,662.5999755859375,679.5999755859375,654.5999755859375,679.5999755859375,474864
2020-12-10,660.0,660.0,675.0,654.5999755859375,670.7999877929688,398380
2020-12-11,661.0,661.0,669.7999877929688,657.0,660.5999755859375,427494
2020-12-14,661.0,661.0,670.3579711914062,651.1199951171875,665.4000244140625,413219
2020-12-15,669.0,669.0,679.7999877929688,661.5999755859375,667.4000244140625,463022
2020-12-16,685.0,685.0,691.4000244140625,663.7999877929688,677.5999755859375,1148825
2020-12-17,690.0,690.0,704.2000122070312,676.0,678.2000122070312,778341
2020-12-18,678.2000122070312,678.2000122070312,696.0,671.2000122070312,690.0,4009074
2020-12-21,691.0,691.0,696.0,661.5999755859375,690.5999755859375,640449
2020-12-22,700.0,700.0,703.5999755859375,685.4000244140625,685.4000244140625,663145
2020-12-23,698.0,698.0,705.0,694.7999877929688,700.0,446336
2020-12-24,700.0,700.0,710.0,690.2000122070312,708.0,135825
2020-12-29,762.5999755859375,762.5999755859375,772.2000122070312,705.5999755859375,715.7999877929688,1377461
2020-12-30,779.7999877929688,779.7999877929688,808.0,765.0,773.5999755859375,1458831
2020-12-31,780.0,780.0,790.8200073242188,776.5999755859375,789.2000122070312,334023
2021-01-04,799.4000244140625,799.4000244140625,818.5999755859375,790.0,791.5999755859375,1128084
2021-01-05,799.4000244140625,799.4000244140625,818.0,790.4000244140625,808.5999755859375,894913
2021-01-06,795.0,795.0,809.9299926757812,790.2000122070312,807.0,535775
2021-01-07,792.7999877929688,792.7999877929688,804.0,779.0,800.0,684803
2021-01-08,796.2000122070312,796.2000122070312,803.4000244140625,790.0,800.0,664590
2021-01-11,790.0,790.0,814.7999877929688,780.0,806.2000122070312,1424307
2021-01-12,798.0,798.0,837.7999877929688,795.2000122070312,826.0,1745940
2021-01-13,785.0,785.0,818.5,779.5,818.5,930087
2021-01-14,765.0,765.0,780.0,760.0,768.0,14600123
2021-01-15,740.0,740.0,773.0,731.5399780273438,762.0,1988193
2021-01-18,759.5,759.5,763.0,730.5,730.5,1411059
2021-01-19,750.0,750.0,766.0,746.5,754.5,640607
2021-01-20,755.5,755.5,760.5,750.5,752.5,506335
2021-01-21,754.0,754.0,763.0,749.0,757.0,618719
2021-01-22,751.5,751.5,756.5,733.0,750.5,661196
2021-01-25,752.0,752.0,759.5,747.0059814453125,754.5,957757
2021-01-26,750.0,750.0,762.0,741.0,762.0,832847
2021-01-27,728.5,728.5,759.5,719.5,759.5,994150
2021-01-28,730.0,730.0,737.5,706.0,737.5,1107050
2021-01-29,721.0,721.0,734.0,717.5,734.0,625095
2021-02-01,738.0,738.0,745.0,719.0,727.0,752430
2021-02-02,745.0,745.0,755.0,736.0,736.0,532318
2021-02-03,745.0,745.0,755.0,740.5,747.5,2213401
2021-02-04,736.0,736.0,752.5,735.0,752.0,1950299
2021-02-05,720.0,720.0,746.5,715.5,735.0,1100678
2021-02-08,715.0,715.0,729.2899780273438,713.2100219726562,729.0,1175458
2021-02-09,708.0,708.0,724.5,706.5,724.5,864716
2021-02-10,708.0,708.0,719.5,705.0,710.5,2825812
2021-02-11,700.0,700.0,715.5,699.0,705.0,773861
2021-02-12,733.0,733.0,734.0,697.5,710.0,1023354
2021-02-15,745.5,745.5,758.0,730.0,733.5,721731
2021-02-16,748.5,748.5,753.0,744.5,749.5,429731
2021-02-17,720.0,720.0,752.0,720.0,750.0,741505
2021-02-18,716.5,716.5,724.0,706.0,713.5,701615
2021-02-19,722.0,722.0,727.5,704.0,704.0,631772
2021-02-22,731.0,731.0,742.0,715.0,725.5,1556671
2021-02-23,717.5,717.5,743.0,696.0,742.0,1684547
2021-02-24,714.5,714.5,730.0,704.0,723.5,1322556
2021-02-25,718.5,718.5,722.5,709.0,714.0,886767
2021-02-26,708.0,708.0,717.0,705.0,712.0,985138
2021-03-01,717.5,717.5,728.0,708.5,708.5,580780
2021-03-02,718.5,718.5,728.9500122070312,716.0,721.5,1650882
2021-03-03,708.5,708.5,730.0,706.5,730.0,1122730
2021-03-04,707.0,707.0,715.0,700.0,706.0,1091761
2021-03-05,653.5,653.5,710.5,650.5,700.5,1629079
2021-03-08,636.5,636.5,660.0,604.0,655.0,1819916
2021-03-09,664.5,664.5,669.5,620.0,649.0,1425053
2021-03-10,660.0,660.0,671.5,654.5,659.5,1416942
2021-03-11,674.0,674.0,684.0,662.5,671.0,932877
2021-03-12,645.0,645.0,685.5,637.5,685.5,1349509
2021-03-15,653.5,653.5,662.5,645.5,657.0,817434
2021-03-16,676.0,676.0,679.5,657.0,665.0,709855
2021-03-17,664.0,664.0,689.5,661.0,676.0,3394142
2021-03-18,671.5,671.5,682.0,655.0,655.0,1165998
2021-03-19,654.5,654.5,670.0,650.5,665.0,25497725
2021-03-22,665.0,665.0,667.5,650.0,655.0,528351
2021-03-23,669.0,669.0,682.0,662.5,675.5,674147
2021-03-24,638.5,638.5,666.0,637.5,661.5,674112
2021-03-25,618.5,618.5,640.5,610.5,640.0,781169
2021-03-26,625.5,625.5,641.5,618.5,628.0,753090
2021-03-29,620.0,620.0,641.5,614.6010131835938,634.0,444876
2021-03-30,629.5,629.5,635.0,616.5,623.5,525654
2021-03-31,623.5,623.5,633.5,613.0,631.0,716553
2021-04-01,651.0,651.0,652.0,625.0,625.0,699644
2021-04-06,668.0,668.0,674.0,648.7999877929688,652.0,1261760
2021-04-07,680.5,680.5,683.0,654.5,666.0,1071456
2021-04-08,676.0,676.0,685.0,660.0,682.5,1235237
2021-04-09,668.0,668.0,675.5,664.0,675.5,1025050
2021-04-12,672.5,672.5,675.5,655.5,661.0,925438
2021-04-13,701.0,701.0,710.0,665.0,665.0,1287649
2021-04-14,704.0,704.0,713.0,697.0800170898438,713.0,883227
2021-04-15,663.0,663.0,717.5,653.0,712.0,2778075
2021-04-16,668.0,668.0,676.5,657.0,659.5,1403278
2021-04-19,633.5,633.5,677.5889892578125,631.5,673.5,1835719
2021-04-20,617.5,617.5,640.5,611.0,637.0,1957573
2021-04-21,628.0,628.0,628.0,599.5,612.0,2186684
2021-04-22,642.0,642.0,649.5,623.0,630.0,1420492
2021-04-23,648.0,648.0,650.0,632.5,650.0,1192701
2021-04-26,647.5,647.5,655.0,640.0,654.0,618365
2021-04-27,649.0,649.0,655.5,642.0,655.5,580825
2021-04-28,631.5,631.5,653.0,630.5,645.0,699440
2021-04-29,624.5,624.5,638.0,621.5,630.0,806677
2021-04-30,620.0,620.0,628.0,616.5,624.5,1135838
2021-05-04,610.5,610.5,630.5,604.5,620.0,1484516
2021-05-05,612.0,612.0,615.0,605.5,610.0,1522967
2021-05-06,600.0,600.0,621.0,594.7000122070312,621.0,1713076
2021-05-07,624.5,624.5,632.0,600.0,600.0,1341590
2021-05-10,596.0,596.0,630.0,587.22900390625,625.0,1909419
2021-05-11,667.0,667.0,710.5,656.0,672.0,22297002
2021-05-12,622.0,622.0,653.5,620.0,650.0,5351181
2021-05-13,621.0,621.0,626.5,606.5,626.5,2415168
2021-05-14,618.5,618.5,633.0,616.5,621.5,4646117
2021-05-17,604.0,604.0,626.2000122070312,603.5,620.0,1047874
2021-05-18,613.0,613.0,620.0,605.0,606.5,1281598
2021-05-19,609.0,609.0,612.5,596.0,612.5,1614137
2021-05-20,629.0,629.0,629.5,607.0,613.5,1883968
2021-05-21,617.5,617.5,637.5,617.0,635.0,1814007
2021-05-24,610.5,610.5,620.2000122070312,606.5,617.0,455964
2021-05-25,610.0,610.0,615.5,606.0,615.0,854496
2021-05-26,601.5,601.5,618.5,599.5,618.5,982275
2021-05-27,608.5,608.5,610.5,594.5,603.0,1407961
2021-05-28,609.0,609.0,616.5,598.5,616.5,851997
2021-06-01,623.0,623.0,627.0,598.0,609.0,997944
2021-06-02,607.5,607.5,629.0,603.0,629.0,876447
2021-06-03,598.5,598.5,613.8989868164062,591.5,609.5,1122624
2021-06-04,611.0,611.0,611.0,593.0,600.5,791105
2021-06-07,613.0,613.0,617.0,607.7000122070312,611.0,504733
2021-06-08,615.5,615.5,626.0,611.0,612.5,2034232
2021-06-09,615.5,615.5,620.5,609.5,617.5,1117008
2021-06-10,616.0,616.0,620.5,606.5,619.0,808654
2021-06-11,615.0,615.0,620.5,607.0,607.0,520652
2021-06-14,603.0,603.0,621.0,602.0,617.5,1228935
2021-06-15,601.0,601.0,611.0,601.0,603.5,1736398
2021-06-16,615.0,615.0,615.0,598.5,603.0,1321013
2021-06-17,622.5,622.5,622.5,601.0,617.0,2351288
2021-06-18,622.5,622.5,627.0,615.0,625.0,3092703
2021-06-21,622.0,622.0,624.0,608.5,610.5,1058760
2021-06-22,615.0,615.0,628.5,608.0,628.5,755891
2021-06-23,605.5,605.5,619.5,602.0,617.0,1011616
2021-06-24,619.0,619.0,620.5,597.5,601.0,1078788
2021-06-25,615.0,615.0,622.0,609.0,621.0,968440
2021-06-28,614.0,614.0,620.5,610.0,620.5,802297
2021-06-29,627.0,627.0,628.0,604.8989868164062,610.0,1118143
2021-06-30,610.0,610.0,627.5,610.0,627.0,923475
2021-07-01,615.0,615.0,619.0,601.0,608.0,1414246
2021-07-02,613.0,613.0,617.5,606.530029296875,613.0,1221380
2021-07-05,612.5,612.5,620.0,608.0,608.0,460089
2021-07-06,610.5,610.5,618.5,602.5,602.5,1565774
2021-07-07,621.5,621.5,623.0,605.0,605.0,1755860
2021-07-08,602.5,602.5,623.0,599.5,621.0,1746732
2021-07-09,615.5,615.5,615.5,597.0,600.5,895847
2021-07-12,614.0,614.0,624.5,609.5,624.5,2235859
2021-07-13,607.0,607.0,618.0,602.7030029296875,612.0,805152
2021-07-14,609.5,609.5,611.0,599.5,600.0,942492
2021-07-15,575.0,575.0,615.0,560.0,602.0,2276104
2021-07-16,583.5,583.5,593.0,570.0,574.0,1598392
2021-07-19,565.0,565.0,584.5,553.5,584.5,1237441
2021-07-20,558.0,558.0,568.0,548.5479736328125,563.5,614483
2021-07-21,566.0,566.0,573.5,560.0,568.5,828761
2021-07-22,590.0,590.0,590.5,567.0,573.5,802690
2021-07-23,586.0,586.0,595.5,580.0,582.0,835343
2021-07-26,581.5,581.5,595.5,572.5,595.5,710220
2021-07-27,586.0,586.0,590.0,568.5,589.0,761259
2021-07-28,591.5,591.5,591.5,578.5,587.0,831841
2021-07-29,595.5,595.5,598.0,580.5,580.5,1317359
2021-07-30,585.5,585.5,592.5,575.0,583.0,1012409
2021-08-02,579.5,579.5,597.0,574.5,591.5,617993
2021-08-03,579.5,579.5,581.5590209960938,569.0,579.5,867265
2021-08-04,586.5,586.5,605.5,583.0499877929688,599.5,1442624
2021-08-05,589.0,589.0,597.0,580.5059814453125,597.0,1130256
2021-08-06,594.0,594.0,607.5,588.5,588.5,973077
2021-08-09,594.0,594.0,598.6959838867188,590.0,595.0,991920
2021-08-10,595.5,595.5,599.5,593.0,595.0,811357
2021-08-11,598.5,598.5,600.0,592.5,600.0,1863516
2021-08-12,586.5,586.5,599.0,586.5,595.0,911272
2021-08-13,581.0,581.0,591.5,579.0,585.0,2068234
2021-08-16,568.0,568.0,597.0,568.0,597.0,832910
2021-08-17,572.5,572.5,574.5,559.0,561.5,1164396
2021-08-18,585.0,585.0,586.0,572.5,582.0,842050
2021-08-19,587.5,587.5,592.5,577.5,592.5,715672
2021-08-20,575.5,575.5,590.0,575.0,582.0,613756
2021-08-23,613.0,613.0,613.0,577.0,582.0,2728393
2021-08-24,617.5,617.5,632.0,613.6099853515625,619.0,2727823
2021-08-25,618.0,618.0,629.0,615.0,629.0,973727
2021-08-26,618.0,618.0,621.0999755859375,613.0,620.0,645827
2021-08-27,612.0,612.0,618.5,608.5,615.0,1451518
2021-08-31,615.5,615.5,621.0,611.0,614.5,1202970
2021-09-01,637.5,637.5,638.6010131835938,613.0,620.0,3395224
2021-09-02,656.5,656.5,684.5,633.7999877929688,639.0,3166510
2021-09-03,654.0,654.0,665.5,652.0,654.5,1382544
2021-09-06,662.5,662.5,668.0,657.0,662.5,647884
2021-09-07,684.0,684.0,687.0,656.0,662.5,1014078
2021-09-08,662.0,662.0,684.5,661.5,684.5,1346011
2021-09-09,670.0,670.0,673.5,651.0,661.0,1193787
2021-09-10,664.5,664.5,683.5,663.0,670.0,3243053
2021-09-13,656.0,656.0,675.5,656.0,667.0,4326227
2021-09-14,661.5,661.5,667.0,652.0,663.0,1341364
2021-09-15,638.5,638.5,668.5,638.5,668.5,4542828
2021-09-16,596.0,596.0,652.0,591.0,650.0,5965533
2021-09-17,595.5,595.5,606.5,574.0,599.0,17219437
2021-09-20,559.5,559.5,592.6849975585938,551.5,584.0,2713346
2021-09-21,580.0,580.0,585.5,549.0,561.0,3016947
2021-09-22,588.0,588.0,596.5,580.0,582.0,9403041
2021-09-23,567.0,567.0,590.0,567.0,590.0,1953919
2021-09-24,548.5,548.5,564.0,545.5,564.0,2661865
2021-09-27,547.0,547.0,551.7000122070312,544.0,550.0,6994820
2021-09-28,540.0,540.0,547.0,537.5,545.5,3625396
2021-09-29,530.0,530.0,552.0,529.5,537.5,3042489
2021-09-30,507.0,507.0,536.0,502.5,533.0,3912494
2021-10-01,455.20001220703125,455.20001220703125,512.0,453.20001220703125,512.0,6884699
2021-10-04,440.0,440.0,462.20001220703125,421.6000061035156,461.79998779296875,4898666
2021-10-05,418.3999938964844,418.3999938964844,440.79998779296875,409.6000061035156,439.3999938964844,4866639
2021-10-06,434.79998779296875,434.79998779296875,438.6000061035156,402.20001220703125,419.20001220703125,6463299
2021-10-07,467.0,467.0,467.0,430.6000061035156,438.0,4607307
2021-10-08,452.79998779296875,452.79998779296875,472.6000061035156,452.79998779296875,472.6000061035156,3409323
2021-10-11,436.79998779296875,436.79998779296875,457.0,422.3999938964844,456.0,3180390
2021-10-12,285.0,285.0,433.69000244140625,281.20001220703125,427.20001220703125,10483449
2021-10-13,276.6000061035156,276.6000061035156,310.20001220703125,248.60000610351562,300.0,26863352
2021-10-14,305.79998779296875,305.79998779296875,306.6000061035156,279.20001220703125,285.0,8085876
2021-10-15,289.3999938964844,289.3999938964844,326.1600036621094,281.7900085449219,309.6000061035156,9289657
2021-10-18,348.79998779296875,348.79998779296875,370.2900085449219,296.9800109863281,306.0,16728730
2021-10-19,325.3999938964844,325.3999938964844,364.1499938964844,321.79998779296875,350.3999938964844,8693762
2021-10-20,330.0,330.0,338.2699890136719,324.0,330.79998779296875,11650574
2021-10-21,317.0,317.0,332.19000244140625,315.0,328.6000061035156,3070154
2021-10-22,315.6000061035156,315.6000061035156,329.79998779296875,312.79998779296875,317.0,2532421
2021-10-25,306.79998779296875,306.79998779296875,319.82000732421875,304.79998779296875,316.20001220703125,3578019
2021-10-26,242.0,242.0,325.3299865722656,235.0,320.0,20405352
2021-10-27,237.60000610351562,237.60000610351562,253.17999267578125,235.60000610351562,246.60000610351562,8130674
2021-10-28,224.0,224.0,243.7100067138672,220.0,237.8000030517578,11920239
2021-10-29,216.60000610351562,216.60000610351562,230.6699981689453,209.66000366210938,222.39999389648438,13142171
2021-11-01,217.39999389648438,217.39999389648438,230.6699981689453,209.66000366210938,223.1999969482422,9949339
2021-11-02,197.39999389648438,197.39999389648438,217.25,197.39999389648438,205.0,24492208
2021-11-03,195.89999389648438,195.89999389648438,201.49000549316406,190.0,197.0,10821045
2021-11-04,196.1999969482422,196.1999969482422,200.64999389648438,190.92999267578125,195.8000030517578,7852557
2021-11-05,203.8000030517578,203.8000030517578,215.63999938964844,196.5,196.5,12546188
2021-11-08,198.6999969482422,198.6999969482422,218.49000549316406,195.10000610351562,215.0,11595604
2021-11-09,205.0,205.0,209.3699951171875,197.8000030517578,200.0,5722007
2021-11-10,201.8000030517578,201.8000030517578,206.63999938964844,198.08999633789062,205.39999389648438,6972619
2021-11-11,197.0,197.0,204.8000030517578,195.3000030517578,200.8000030517578,4077231
2021-11-12,191.10000610351562,191.10000610351562,196.08999633789062,186.0,194.10000610351562,7470886
2021-11-15,195.89999389648438,195.89999389648438,200.57000732421875,187.6999969482422,192.0,3406427
2021-11-16,179.89999389648438,179.89999389648438,199.3000030517578,178.9499969482422,195.3000030517578,9119655
2021-11-17,181.6999969482422,181.6999969482422,190.89999389648438,174.44000244140625,177.6999969482422,6434259
2021-11-18,178.1999969482422,178.1999969482422,185.3699951171875,173.8699951171875,184.3000030517578,8396090
2021-11-19,193.8000030517578,193.8000030517578,201.6999969482422,175.89999389648438,178.8000030517578,8380963
2021-11-22,184.5,184.5,196.8000030517578,182.60000610351562,195.6999969482422,4303870
2021-11-23,186.1999969482422,186.1999969482422,192.0,178.6999969482422,183.8000030517578,5888021
2021-11-24,182.89999389648438,182.89999389648438,187.5,178.6999969482422,186.60000610351562,4766069
2021-11-25,182.89999389648438,182.89999389648438,186.0,180.8509979248047,186.0,2914699
2021-11-26,187.3000030517578,187.3000030517578,188.0,171.04299926757812,180.0,4679025
2021-11-29,184.0,184.0,189.8000030517578,183.39999389648438,189.8000030517578,3557183
2021-11-30,176.8000030517578,176.8000030517578,183.89999389648438,175.5,180.60000610351562,9343000
2021-12-01,185.0,185.0,185.8000030517578,174.9499969482422,176.10000610351562,3974804
2021-12-02,177.10000610351562,177.10000610351562,187.6999969482422,176.6999969482422,187.6999969482422,8130060
2021-12-03,178.0,178.0,185.61900329589844,175.58099365234375,179.10000610351562,5887892
2021-12-06,172.6999969482422,172.6999969482422,180.5,170.89999389648438,178.39999389648438,7157125
2021-12-07,181.1999969482422,181.1999969482422,181.89999389648438,170.6999969482422,174.0,3926851
2021-12-08,181.6999969482422,181.6999969482422,188.89999389648438,179.10000610351562,183.3000030517578,5087553
2021-12-09,197.1999969482422,197.1999969482422,200.3000030517578,179.1999969482422,181.60000610351562,15085876
2021-12-10,195.5,195.5,205.0,186.8000030517578,194.0,21381717
2021-12-13,180.1999969482422,180.1999969482422,196.52999877929688,177.8000030517578,196.0,9054935
2021-12-14,179.89999389648438,179.89999389648438,182.77999877929688,178.60000610351562,180.0,6288562
2021-12-15,167.1999969482422,167.1999969482422,180.1999969482422,165.55999755859375,179.10000610351562,11639734
2021-12-16,180.8000030517578,180.8000030517578,187.3000030517578,167.39999389648438,170.39999389648438,9484054
2021-12-17,190.0,190.0,191.60000610351562,178.0,184.39999389648438,23024627
2021-12-20,202.39999389648438,202.39999389648438,226.1580047607422,195.10000610351562,199.1999969482422,18393969
2021-12-21,215.60000610351562,215.60000610351562,230.39999389648438,203.60000610351562,206.8000030517578,11790515
2021-12-22,218.0,218.0,230.8699951171875,211.0,219.1999969482422,7586446
2021-12-23,230.0,230.0,230.0,214.60000610351562,214.60000610351562,5980113
2021-12-24,225.0,225.0,232.60000610351562,225.0,231.39999389648438,1996964
2021-12-29,219.1999969482422,219.1999969482422,235.25999450683594,219.1999969482422,227.39999389648438,6970791
2021-12-30,225.39999389648438,225.39999389648438,226.0,208.0,221.1999969482422,8024922
2021-12-31,229.1999969482422,229.1999969482422,232.39999389648438,223.0019989013672,229.0,2417216
2022-01-04,206.1999969482422,206.1999969482422,235.77999877929688,206.0,230.0,9186341
2022-01-05,207.0,207.0,215.0,191.78500366210938,207.0,13702758
2022-01-06,191.39999389648438,191.39999389648438,206.27000427246094,190.10000610351562,202.0,8083928
2022-01-07,194.39999389648438,194.39999389648438,199.3000030517578,191.0,191.0,10050804
2022-01-10,179.5,179.5,198.5,177.39999389648438,195.5,11742055
2022-01-11,182.5,182.5,187.10000610351562,180.10000610351562,183.39999389648438,4167341
2022-01-12,184.60000610351562,184.60000610351562,193.64999389648438,184.60000610351562,186.0,5374379
2022-01-13,193.0,193.0,195.0,185.6999969482422,190.3000030517578,7453020
2022-01-14,180.3000030517578,180.3000030517578,196.0,180.3000030517578,196.0,4401156
2022-01-17,185.60000610351562,185.60000610351562,191.97000122070312,181.10000610351562,186.3000030517578,3970783
2022-01-18,167.6999969482422,167.6999969482422,184.39999389648438,164.60000610351562,180.0,18024667
2022-01-19,157.0,157.0,170.4010009765625,155.58999633789062,169.39999389648438,13152010
2022-01-20,153.6999969482422,153.6999969482422,161.89100646972656,148.5,159.0,12836872
2022-01-21,149.1999969482422,149.1999969482422,153.60000610351562,143.89999389648438,152.39999389648438,11460008
2022-01-24,121.30000305175781,121.30000305175781,149.9510040283203,118.30000305175781,148.0,24525707
2022-01-25,119.69999694824219,119.69999694824219,130.60000610351562,118.38300323486328,128.39999389648438,10662084
2022-01-26,129.89999389648438,129.89999389648438,136.8000030517578,120.0,120.0,13558649
2022-01-27,136.10000610351562,136.10000610351562,138.6999969482422,124.38200378417969,129.8000030517578,11578653
2022-01-28,126.5,126.5,138.1999969482422,125.69999694824219,137.0,12230861
2022-01-31,131.8000030517578,131.8000030517578,133.6199951171875,126.9000015258789,129.0,6423117
2022-02-01,129.6999969482422,129.6999969482422,135.6699981689453,126.5,133.3000030517578,4809197
2022-02-02,126.80000305175781,126.80000305175781,133.8990020751953,126.80000305175781,130.0,4722150
2022-02-03,114.19999694824219,114.19999694824219,129.5,114.19999694824219,129.5,8959708
2022-02-04,135.39999389648438,135.39999389648438,139.5,113.19999694824219,117.0,17014586
2022-02-07,133.60000610351562,133.60000610351562,144.0,122.5999984741211,136.0,20685947
2022-02-08,130.0,130.0,134.63999938964844,124.4000015258789,134.5,14122453
2022-02-09,136.3000030517578,136.3000030517578,139.0,129.58599853515625,133.0,5173724
2022-02-10,132.1999969482422,132.1999969482422,138.0,128.38099670410156,138.0,7105221
2022-02-11,130.39999389648438,130.39999389648438,134.1999969482422,127.30000305175781,130.0,4806042
2022-02-14,123.80000305175781,123.80000305175781,126.44999694824219,121.0,126.0,5309971
2022-02-15,122.19999694824219,122.19999694824219,126.58999633789062,118.80000305175781,123.5,5827500
2022-02-16,119.0,119.0,123.4000015258789,118.19999694824219,122.19999694824219,4562702
2022-02-17,117.0,117.0,120.4000015258789,116.0999984741211,118.0,5452125
2022-02-18,113.4000015258789,113.4000015258789,117.0999984741211,111.4000015258789,116.0,10590280
2022-02-21,103.4000015258789,103.4000015258789,112.69999694824219,102.08100128173828,112.0,12812666
2022-02-22,101.5,101.5,109.69999694824219,98.44999694824219,101.19999694824219,10601198
2022-02-23,96.1500015258789,96.1500015258789,102.80000305175781,95.0,102.5999984741211,8788400
2022-02-24,97.0,97.0,97.75,85.99800109863281,91.69999694824219,19902951
2022-02-25,101.30000305175781,101.30000305175781,105.0999984741211,97.3499984741211,98.1500015258789,10032508
2022-02-28,107.0,107.0,107.19999694824219,96.79499816894531,102.0,7688236
2022-03-01,101.30000305175781,101.30000305175781,107.0,98.55000305175781,107.0,8947192
2022-03-02,98.69999694824219,98.69999694824219,103.80000305175781,97.47100067138672,103.80000305175781,5119110
2022-03-03,88.6500015258789,88.6500015258789,101.69999694824219,87.9000015258789,101.69999694824219,9664357
2022-03-04,82.5999984741211,82.5999984741211,90.86799621582031,82.5999984741211,86.5,7866613
2022-03-07,80.0,80.0,82.5,70.49299621582031,81.69999694824219,10555925
2022-03-08,80.0,80.0,82.55000305175781,77.36599731445312,78.94999694824219,5358759
2022-03-09,89.9000015258789,89.9000015258789,91.4000015258789,79.80000305175781,81.9000015258789,9371377
2022-03-10,85.0999984741211,85.0999984741211,92.9000015258789,85.0999984741211,91.05000305175781,5953426
2022-03-11,86.80000305175781,86.80000305175781,89.9000015258789,84.55000305175781,85.25,5107471
2022-03-14,87.25,87.25,90.19999694824219,85.55000305175781,87.0,6397705
2022-03-15,82.55000305175781,82.55000305175781,89.19999694824219,80.9000015258789,85.3499984741211,6110074
2022-03-16,91.69999694824219,91.69999694824219,91.69999694824219,83.30000305175781,83.30000305175781,8054496
2022-03-17,91.55000305175781,91.55000305175781,96.6500015258789,89.88500213623047,92.5999984741211,6639350
2022-03-18,95.75,95.75,95.75,89.0,90.6500015258789,6909258
2022-03-21,88.94999694824219,88.94999694824219,97.3499984741211,88.77400207519531,96.9000015258789,5799081
2022-03-22,89.3499984741211,89.3499984741211,92.06900024414062,86.08899688720703,91.5,8359681
2022-03-23,86.69999694824219,86.69999694824219,91.4000015258789,85.75,89.6500015258789,4303459
2022-03-24,85.4000015258789,85.4000015258789,87.80000305175781,83.64399719238281,87.80000305175781,4594993
2022-03-25,83.6500015258789,83.6500015258789,87.54000091552734,82.81199645996094,85.30000305175781,5230717
2022-03-28,86.6500015258789,86.6500015258789,88.19999694824219,82.0,84.0,5290038
2022-03-29,96.55000305175781,96.55000305175781,96.55000305175781,85.4000015258789,85.8499984741211,8129292
2022-03-30,96.05000305175781,96.05000305175781,99.87200164794922,93.4000015258789,97.75,9062487
2022-03-31,92.0,92.0,97.51200103759766,92.0,96.55000305175781,7087417
2022-04-01,91.80000305175781,91.80000305175781,96.86000061035156,91.0999984741211,93.0,4821165
2022-04-04,96.77999877929688,96.77999877929688,96.77999877929688,90.80000305175781,92.0,4074195
2022-04-05,95.37999725341797,95.37999725341797,100.0479965209961,93.0199966430664,97.9000015258789,5378531
2022-04-06,90.22000122070312,90.22000122070312,97.80000305175781,89.04000091552734,97.73999786376953,5686777
2022-04-07,88.95999908447266,88.95999908447266,94.58000183105469,88.94000244140625,91.5,4373548
2022-04-08,91.73999786376953,91.73999786376953,92.33999633789062,88.0,88.5,7364003
2022-04-11,90.16000366210938,90.16000366210938,93.58899688720703,86.63600158691406,92.77999877929688,8737702
2022-04-12,94.37999725341797,94.37999725341797,94.87999725341797,88.12000274658203,91.5,8645001
2022-04-13,91.05999755859375,91.05999755859375,94.58000183105469,90.38500213623047,94.58000183105469,5548065
2022-04-14,95.13999938964844,95.13999938964844,95.76000213623047,90.92500305175781,91.05999755859375,6940122
2022-04-19,92.72000122070312,92.72000122070312,94.89099884033203,88.19999694824219,93.0,19384453
2022-04-20,94.91999816894531,94.91999816894531,101.94999694824219,91.04399871826172,92.72000122070312,12553179
2022-04-21,110.0,110.0,116.56400299072266,94.5,105.0,29299795
2022-04-22,105.9000015258789,105.9000015258789,116.0999984741211,103.80000305175781,109.80000305175781,18581281
2022-04-25,116.25,116.25,116.80000305175781,103.0,104.5,13462142
2022-04-26,106.6500015258789,106.6500015258789,120.0,104.44999694824219,115.0,18281968
2022-04-27,102.44999694824219,102.44999694824219,109.05000305175781,101.30000305175781,108.0,10780455
2022-04-28,105.0,105.0,106.44999694824219,101.05000305175781,103.69999694824219,21777755
2022-04-29,107.6500015258789,107.6500015258789,112.56500244140625,105.3499984741211,106.0,9035236
2022-05-03,113.4000015258789,113.4000015258789,116.0,106.5,108.5999984741211,9209155
2022-05-04,107.9000015258789,107.9000015258789,113.1500015258789,107.69999694824219,110.6500015258789,6982200
2022-05-05,107.0,107.0,114.5999984741211,107.0,110.80000305175781,7848153
2022-05-06,108.80000305175781,108.80000305175781,110.9000015258789,103.66000366210938,105.30000305175781,7112089
2022-05-09,103.05000305175781,103.05000305175781,108.6500015258789,102.3499984741211,106.6500015258789,10288742
2022-05-10,103.69999694824219,103.69999694824219,106.8499984741211,101.75,103.5,10231925
2022-05-11,107.9000015258789,107.9000015258789,110.26000213623047,104.69999694824219,105.5,8925530
2022-05-12,111.8499984741211,111.8499984741211,112.16799926757812,102.30000305175781,107.69999694824219,8677350
2022-05-13,116.44999694824219,116.44999694824219,118.69999694824219,112.79000091552734,113.55000305175781,8284201
2022-05-16,118.25,118.25,120.55000305175781,114.0,114.0,10651234
2022-05-17,122.8499984741211,122.8499984741211,127.58000183105469,119.0,120.5,11024239
2022-05-18,121.0,121.0,126.1500015258789,120.36000061035156,124.0,5757105
2022-05-19,116.44999694824219,116.44999694824219,121.5,111.75,118.19999694824219,25335724
2022-05-20,145.0,145.0,153.25,138.60000610351562,140.3000030517578,34695868
2022-05-23,139.0500030517578,139.0500030517578,154.75,139.0,149.5500030517578,18291818
2022-05-24,136.8000030517578,136.8000030517578,143.46400451660156,135.3300018310547,139.64999389648438,11204407
2022-05-25,149.6999969482422,149.6999969482422,149.6999969482422,130.0500030517578,134.39999389648438,12844197
2022-05-26,158.9499969482422,158.9499969482422,159.0,145.85000610351562,145.85000610351562,9092486
2022-05-27,151.9499969482422,151.9499969482422,159.24000549316406,150.6320037841797,157.89999389648438,9439377
2022-05-30,150.89999389648438,150.89999389648438,154.9499969482422,143.64999389648438,153.5,4761818
2022-05-31,146.5500030517578,146.5500030517578,150.89999389648438,141.39999389648438,150.89999389648438,33984591
2022-06-01,144.85000610351562,144.85000610351562,152.3000030517578,142.9499969482422,145.75,7290853
2022-06-06,144.3000030517578,144.3000030517578,150.1999969482422,143.25,146.6999969482422,4434099
2022-06-07,139.60000610351562,139.60000610351562,144.83599853515625,137.5,144.0,4603812
2022-06-08,138.89999389648438,138.89999389648438,141.89999389648438,136.8000030517578,138.1999969482422,3521419
2022-06-09,130.64999389648438,130.64999389648438,139.4499969482422,128.17799377441406,138.39999389648438,10804318
2022-06-10,124.0,124.0,132.64999389648438,120.44999694824219,129.5500030517578,17412832
2022-06-13,112.5,112.5,122.0,109.19999694824219,120.0,11956041
2022-06-14,103.19999694824219,103.19999694824219,117.94999694824219,102.98200225830078,115.5999984741211,9701487
2022-06-15,104.8499984741211,104.8499984741211,108.55799865722656,101.5999984741211,104.0,10438454
2022-06-16,74.4000015258789,74.4000015258789,95.0,70.77999877929688,90.0,43084659
2022-06-17,75.86000061035156,75.86000061035156,83.55799865722656,73.23999786376953,74.72000122070312,21953148
2022-06-20,73.22000122070312,73.22000122070312,79.0,71.81999969482422,77.66000366210938,13736450
2022-06-21,73.62000274658203,73.62000274658203,75.0,69.9800033569336,75.0,10129725
2022-06-22,74.5199966430664,74.5199966430664,74.5199966430664,69.63999938964844,72.63999938964844,12037691
2022-06-23,83.0,83.0,83.69999694824219,73.58000183105469,75.5999984741211,11769632
2022-06-24,82.5999984741211,82.5999984741211,86.04000091552734,77.84500122070312,83.0,13071318
2022-06-27,85.22000122070312,85.22000122070312,88.79000091552734,81.28099822998047,85.0,11365080
2022-06-28,81.31999969482422,81.31999969482422,87.84400177001953,81.31999969482422,87.5,9537808
2022-06-29,78.86000061035156,78.86000061035156,82.73999786376953,77.1449966430664,82.73999786376953,9992604
2022-06-30,82.44000244140625,82.44000244140625,84.69999694824219,76.4000015258789,79.08000183105469,6496567
2022-07-01,83.73999786376953,83.73999786376953,84.63800048828125,79.31600189208984,81.0199966430664,8289540
2022-07-04,80.44000244140625,80.44000244140625,85.04000091552734,79.58000183105469,83.0199966430664,3990326
2022-07-05,76.18000030517578,76.18000030517578,82.04000091552734,74.69999694824219,82.04000091552734,7259504
2022-07-06,80.16000366210938,80.16000366210938,81.4000015258789,76.5,76.5,5057106
2022-07-07,81.76000213623047,81.76000213623047,82.23999786376953,78.5999984741211,81.23999786376953,3690944
2022-07-08,82.0999984741211,82.0999984741211,82.27999877929688,79.27999877929688,82.04000091552734,3913925
2022-07-11,77.05999755859375,77.05999755859375,81.31400299072266,77.0,80.58000183105469,4283541
2022-07-12,76.4800033569336,76.4800033569336,77.927001953125,75.5199966430664,76.0,4588917
2022-07-13,73.08000183105469,73.08000183105469,76.41999816894531,71.51699829101562,75.0,7536952
2022-07-14,71.72000122070312,71.72000122070312,75.94000244140625,70.54000091552734,73.94000244140625,6638578
2022-07-15,74.91999816894531,74.91999816894531,76.18000030517578,71.61599731445312,71.80000305175781,5568946
2022-07-18,77.22000122070312,77.22000122070312,78.31999969482422,74.08000183105469,74.08000183105469,3885831
2022-07-19,71.73999786376953,71.73999786376953,76.55999755859375,69.87999725341797,74.91999816894531,12635139
2022-07-20,70.0,70.0,73.44000244140625,70.0,73.44000244140625,8568752
2022-07-21,71.68000030517578,71.68000030517578,74.81999969482422,68.95600128173828,71.0,10181968
2022-07-22,70.55999755859375,70.55999755859375,73.91999816894531,70.0199966430664,71.72000122070312,9352781
2022-07-25,70.0,70.0,71.8030014038086,69.30000305175781,71.55999755859375,5818049
2022-07-26,66.0,66.0,71.83999633789062,65.98100280761719,71.83999633789062,12712008
2022-07-27,67.62000274658203,67.62000274658203,68.79499816894531,65.05999755859375,68.0199966430664,14979788
2022-07-28,67.12000274658203,67.12000274658203,70.0,65.76000213623047,68.9000015258789,6944439
2022-07-29,68.45999908447266,68.45999908447266,71.5199966430664,66.78500366210938,68.9800033569336,8096097
2022-08-01,69.66000366210938,69.66000366210938,70.59200286865234,68.06999969482422,70.55999755859375,4639074
2022-08-02,65.91999816894531,65.91999816894531,70.0,65.0,68.0,10162310
2022-08-03,68.26000213623047,68.26000213623047,68.4000015258789,64.27999877929688,65.5,9558720
2022-08-04,67.5999984741211,67.5999984741211,70.4000015258789,66.80000305175781,68.0,6123333
2022-08-05,65.62000274658203,65.62000274658203,69.16000366210938,65.41999816894531,69.16000366210938,4134578
2022-08-08,66.23999786376953,66.23999786376953,67.08000183105469,63.73699951171875,67.08000183105469,5323783
2022-08-09,62.91999816894531,62.91999816894531,67.83999633789062,62.17399978637695,65.87999725341797,7814645
2022-08-10,66.91999816894531,66.91999816894531,67.12000274658203,60.41999816894531,63.099998474121094,12480874
2022-08-11,69.0,69.0,70.19999694824219,65.04000091552734,67.87999725341797,8961432
2022-08-12,69.55999755859375,69.55999755859375,71.0999984741211,66.68000030517578,69.9000015258789,4774956
2022-08-15,67.54000091552734,67.54000091552734,70.64099884033203,66.31999969482422,70.0,2682477
2022-08-16,70.22000122070312,70.22000122070312,70.33999633789062,67.9000015258789,68.0,4454761
2022-08-17,68.95999908447266,68.95999908447266,71.10199737548828,67.72000122070312,70.0,12269890
2022-08-18,63.86000061035156,63.86000061035156,68.54000091552734,62.41999816894531,67.5,16412495
2022-08-19,63.0,63.0,65.5,61.676998138427734,63.02000045776367,6123448
2022-08-22,61.29999923706055,61.29999923706055,63.20000076293945,60.99800109863281,61.599998474121094,4615045
2022-08-23,60.86000061035156,60.86000061035156,62.13999938964844,60.0,61.84000015258789,4340442
2022-08-24,61.439998626708984,61.439998626708984,62.29100036621094,59.347999572753906,60.86000061035156,4884371
2022-08-25,61.52000045776367,61.52000045776367,62.47999954223633,59.72600173950195,62.2400016784668,2969101
2022-08-26,60.13999938964844,60.13999938964844,63.380001068115234,60.0,60.5,3800388
2022-08-30,56.2400016784668,56.2400016784668,61.15999984741211,55.97600173950195,60.29999923706055,9287026
2022-08-31,55.0,55.0,77.5999984741211,54.08000183105469,56.7599983215332,6680808
2022-09-01,52.400001525878906,52.400001525878906,55.5,51.79999923706055,54.29999923706055,4422161
2022-09-02,55.0,55.0,55.130001068115234,51.34000015258789,53.0,8510442
2022-09-05,52.97999954223633,52.97999954223633,56.119998931884766,50.720001220703125,54.2599983215332,6098535
2022-09-06,52.7599983215332,52.7599983215332,54.987998962402344,51.5,51.5,4935256
2022-09-07,52.84000015258789,52.84000015258789,53.720001220703125,51.79999923706055,51.79999923706055,2993097
2022-09-08,53.279998779296875,53.279998779296875,54.21900177001953,51.47999954223633,51.84000015258789,6850813
2022-09-09,53.2599983215332,53.2599983215332,54.47999954223633,51.7400016784668,54.47999954223633,5442993
2022-09-12,54.13999938964844,54.13999938964844,54.29999923706055,52.875999450683594,52.97999954223633,4028754
2022-09-13,51.18000030517578,51.18000030517578,54.400001525878906,51.0,53.08000183105469,6092450
2022-09-14,49.0,49.0,51.97999954223633,48.40999984741211,51.599998474121094,12549441
2022-09-15,40.0,40.0,47.52000045776367,37.2599983215332,42.900001525878906,85171330
2022-09-16,43.08000183105469,43.08000183105469,43.599998474121094,38.540000915527344,39.0,28852358
2022-09-20,40.470001220703125,40.470001220703125,42.81999969482422,38.99599838256836,42.02000045776367,22406930
2022-09-21,41.470001220703125,41.470001220703125,42.57099914550781,39.79999923706055,39.79999923706055,8116538
2022-09-22,41.81999969482422,41.81999969482422,42.619998931884766,39.27000045776367,40.400001525878906,9331007
2022-09-23,39.459999084472656,39.459999084472656,41.52000045776367,38.7599983215332,39.369998931884766,12883698
2022-09-26,40.16999816894531,40.16999816894531,40.84000015258789,37.849998474121094,39.349998474121094,7538427
2022-09-27,40.20000076293945,40.20000076293945,40.939998626708984,39.0,39.15999984741211,7462545
2022-09-28,40.70000076293945,40.70000076293945,40.86000061035156,35.582000732421875,39.459999084472656,20299866
2022-09-29,36.470001220703125,36.470001220703125,40.560001373291016,35.939998626708984,39.720001220703125,15054980
2022-09-30,37.720001220703125,37.720001220703125,39.444000244140625,35.540000915527344,35.63999938964844,12159632
2022-10-03,36.56999969482422,36.56999969482422,38.22700119018555,35.70000076293945,37.959999084472656,9549297
2022-10-04,39.709999084472656,39.709999084472656,39.7400016784668,36.41600036621094,37.29999923706055,8261766
2022-10-05,36.650001525878906,36.650001525878906,39.900001525878906,36.6349983215332,39.900001525878906,12503248
2022-10-06,37.4900016784668,37.4900016784668,38.68000030517578,36.88999938964844,37.41999816894531,6932115
2022-10-07,35.79999923706055,35.79999923706055,38.15999984741211,35.560001373291016,37.0,9524765
2022-10-10,32.33000183105469,32.33000183105469,35.900001525878906,32.06399917602539,35.0,26642426
2022-10-11,32.7599983215332,32.7599983215332,33.209999084472656,31.14699935913086,33.060001373291016,8917475
2022-10-12,34.2400016784668,34.2400016784668,34.38999938964844,32.15399932861328,32.59000015258789,10376131
2022-10-13,38.150001525878906,38.150001525878906,38.5,33.534000396728516,33.54999923706055,18250892
2022-10-14,40.59000015258789,40.59000015258789,41.22999954223633,37.83300018310547,38.970001220703125,17506087
2022-10-17,45.84000015258789,45.84000015258789,47.310001373291016,38.448001861572266,40.599998474121094,12760096
2022-10-18,50.31999969482422,50.31999969482422,52.720001220703125,48.29399871826172,50.0,25381321
2022-10-19,58.459999084472656,58.459999084472656,58.92599868774414,48.0099983215332,49.900001525878906,22382410
2022-10-20,54.68000030517578,54.68000030517578,61.84000015258789,53.19599914550781,57.779998779296875,25905702
2022-10-21,49.130001068115234,49.130001068115234,53.5,47.96200180053711,52.84000015258789,17332619
2022-10-24,46.4900016784668,46.4900016784668,50.2239990234375,44.27000045776367,48.279998779296875,19037821
2022-10-25,54.81999969482422,54.81999969482422,59.73500061035156,50.0,50.0,22624234
2022-10-26,60.0,60.0,60.41999816894531,52.7599983215332,53.220001220703125,9870345
2022-10-27,62.0,62.0,64.94000244140625,60.099998474121094,61.5,14527531
2022-10-28,56.459999084472656,56.459999084472656,61.8849983215332,55.599998474121094,60.79999923706055,9035837
2022-10-31,53.20000076293945,53.20000076293945,58.880001068115234,52.459999084472656,57.5,5677697
2022-11-01,59.29999923706055,59.29999923706055,61.040000915527344,53.4370002746582,54.5,9457667
2022-11-02,55.81999969482422,55.81999969482422,61.84000015258789,55.41899871826172,61.84000015258789,5160104
2022-11-03,55.400001525878906,55.400001525878906,56.20000076293945,52.849998474121094,55.099998474121094,3377758
2022-11-04,60.08000183105469,60.08000183105469,60.547000885009766,55.63999938964844,56.36000061035156,7011697
2022-11-07,64.30000305175781,64.30000305175781,64.80000305175781,57.5,59.220001220703125,6446441
2022-11-08,69.68000030517578,69.68000030517578,70.5199966430664,62.37900161743164,63.0,12631731
2022-11-09,65.55999755859375,65.55999755859375,71.73400115966797,65.16000366210938,68.5199966430664,10879036
2022-11-10,70.5199966430664,70.5199966430664,75.27999877929688,63.02000045776367,64.9000015258789,12569858
2022-11-11,78.30000305175781,78.30000305175781,79.62000274658203,70.5,70.5,16972542
2022-11-14,77.0,77.0,79.4800033569336,72.5999984741211,76.4800033569336,9933544
2022-11-15,73.0199966430664,73.0199966430664,78.4000015258789,73.0199966430664,77.0,4769713
2022-11-16,67.45999908447266,67.45999908447266,74.91999816894531,65.97899627685547,74.5199966430664,9460867
2022-11-17,66.58000183105469,66.58000183105469,69.62000274658203,66.30000305175781,66.5999984741211,4148602
2022-11-18,66.44000244140625,66.44000244140625,69.45999908447266,65.1510009765625,68.16000366210938,4663884
2022-11-21,63.15999984741211,63.15999984741211,67.11399841308594,63.02000045776367,65.22000122070312,4923581
2022-11-22,63.060001373291016,63.060001373291016,64.91999816894531,61.15999984741211,62.34000015258789,4951043
2022-11-23,65.72000122070312,65.72000122070312,66.30000305175781,62.400001525878906,62.400001525878906,4049442
2022-11-24,72.26000213623047,72.26000213623047,72.75599670410156,65.33799743652344,66.0,6790284
2022-11-25,69.13999938964844,69.13999938964844,72.5,67.16899871826172,72.5,5533864
2022-11-28,66.68000030517578,66.68000030517578,70.4800033569336,66.68000030517578,68.0,3465516
2022-11-29,63.459999084472656,63.459999084472656,67.80599975585938,63.2599983215332,66.30000305175781,3632585
2022-11-30,67.87999725341797,67.87999725341797,68.41799926757812,63.0,63.0,5909724
2022-12-01,68.12000274658203,68.12000274658203,71.75,67.33100128173828,70.0,3753877
2022-12-02,64.5,64.5,67.5,63.0,65.63999938964844,5494654
2022-12-05,63.400001525878906,63.400001525878906,65.73999786376953,63.09700012207031,64.73999786376953,3366622
2022-12-06,59.41999816894531,59.41999816894531,63.97999954223633,59.220001220703125,63.900001525878906,7703407
2022-12-07,59.439998626708984,59.439998626708984,61.073001861572266,57.7130012512207,59.20000076293945,7703441
2022-12-08,60.0,60.0,61.63999938964844,58.2859992980957,59.0,3154646
2022-12-09,59.29999923706055,59.29999923706055,62.0,58.7599983215332,59.5,4290694
2022-12-12,57.400001525878906,57.400001525878906,59.67399978637695,56.909000396728516,59.29999923706055,3842933
2022-12-13,63.0,63.0,63.099998474121094,55.0,57.439998626708984,9214544
2022-12-14,58.86000061035156,58.86000061035156,62.540000915527344,58.119998931884766,61.41999816894531,2455205
2022-12-15,55.0,55.0,58.63999938964844,55.0,56.599998474121094,5403621
2022-12-16,52.279998779296875,52.279998779296875,55.888999938964844,51.2599983215332,54.79999923706055,5807125
2022-12-19,53.119998931884766,53.119998931884766,54.380001068115234,50.63999938964844,51.099998474121094,3133728
2022-12-20,52.060001373291016,52.060001373291016,53.68000030517578,50.900001525878906,52.29999923706055,3105598
2022-12-21,53.5,53.5,54.47999954223633,50.439998626708984,52.0,4777606
2022-12-22,49.970001220703125,49.970001220703125,55.84199905395508,49.55799865722656,54.0,8222687
2022-12-23,47.83000183105469,47.83000183105469,51.41999816894531,45.768001556396484,50.68000030517578,4012139
2022-12-28,43.119998931884766,43.119998931884766,48.279998779296875,43.119998931884766,47.18000030517578,13523837
2022-12-29,44.5,44.5,44.91999816894531,40.720001220703125,42.4900016784668,13790204
2022-12-30,43.900001525878906,43.900001525878906,46.400001525878906,42.79999923706055,43.349998474121094,3572114
2023-01-03,46.77000045776367,46.77000045776367,48.22200012207031,44.03799819946289,44.849998474121094,6802797
2023-01-04,48.400001525878906,48.400001525878906,48.630001068115234,46.0,46.0,5552498
2023-01-05,49.36000061035156,49.36000061035156,51.31999969482422,48.099998474121094,48.86000061035156,4906204
2023-01-06,48.27000045776367,48.27000045776367,49.95000076293945,46.869998931884766,48.88999938964844,5173560
2023-01-09,56.939998626708984,56.939998626708984,58.7400016784668,49.4900016784668,49.4900016784668,13001074
2023-01-10,56.91999816894531,56.91999816894531,57.30400085449219,55.15999984741211,56.2599983215332,4509855
2023-01-11,59.86000061035156,59.86000061035156,61.880001068115234,56.2599983215332,56.79999923706055,5650146
2023-01-12,64.80000305175781,64.80000305175781,66.14099884033203,59.41999816894531,60.0,9133065
2023-01-13,66.08000183105469,66.08000183105469,67.9800033569336,63.395999908447266,65.0,6513854
2023-01-16,68.45999908447266,68.45999908447266,70.4000015258789,64.08000183105469,67.76000213623047,7357528
2023-01-17,53.84000015258789,53.84000015258789,70.5459976196289,53.11399841308594,62.5,44407309
2023-01-18,53.5,53.5,55.63999938964844,49.02000045776367,53.060001373291016,16565624
2023-01-19,49.45000076293945,49.45000076293945,54.939998626708984,48.849998474121094,54.540000915527344,10314223
2023-01-20,54.540000915527344,54.540000915527344,55.04999923706055,50.0,50.0,6606491
2023-01-23,54.5,54.5,56.66299819946289,52.44499969482422,54.380001068115234,5812902
2023-01-24,54.779998779296875,54.779998779296875,56.11000061035156,53.18000030517578,53.560001373291016,6375061
2023-01-25,53.119998931884766,53.119998931884766,56.400001525878906,51.02000045776367,54.459999084472656,4616261
2023-01-26,52.5,52.5,55.209999084472656,51.86000061035156,54.2400016784668,6309761
2023-01-27,55.34000015258789,55.34000015258789,55.34000015258789,51.5,52.68000030517578,7456102
2023-01-30,54.439998626708984,54.439998626708984,55.70000076293945,52.65999984741211,54.52000045776367,7803782
2023-01-31,57.97999954223633,57.97999954223633,58.88999938964844,54.560001373291016,54.560001373291016,8106876
2023-02-01,58.060001373291016,58.060001373291016,61.65999984741211,57.2400016784668,57.2400016784668,8846943
2023-02-02,61.959999084472656,61.959999084472656,62.5,58.18000030517578,60.040000915527344,7339714
2023-02-03,63.060001373291016,63.060001373291016,63.060001373291016,58.71900177001953,62.5,6127799
2023-02-06,59.86000061035156,59.86000061035156,63.0,59.86000061035156,63.0,5094490
2023-02-07,58.459999084472656,58.459999084472656,61.0,57.79999923706055,61.0,4791718
2023-02-08,59.220001220703125,59.220001220703125,62.02000045776367,59.220001220703125,59.5,7046236
2023-02-09,57.08000183105469,57.08000183105469,59.60599899291992,56.959999084472656,59.459999084472656,3941430
2023-02-10,55.0,55.0,56.400001525878906,54.70899963378906,55.900001525878906,6805145
2023-02-13,57.279998779296875,57.279998779296875,59.0,55.099998474121094,56.65999984741211,7570367
2023-02-14,57.7599983215332,57.7599983215332,59.36000061035156,56.36000061035156,57.97999954223633,4678169
2023-02-15,57.15999984741211,57.15999984741211,59.439998626708984,56.3489990234375,56.619998931884766,5347136
2023-02-16,59.0,59.0,59.52000045776367,56.84000015258789,57.29999923706055,3667974
2023-02-17,60.84000015258789,60.84000015258789,60.97999954223633,56.13999938964844,57.599998474121094,7367465
2023-02-20,59.91999816894531,59.91999816894531,62.18000030517578,58.926998138427734,61.900001525878906,2891283
2023-02-21,57.68000030517578,57.68000030517578,60.08000183105469,57.5,58.5,3999927
2023-02-22,55.959999084472656,55.959999084472656,57.2400016784668,55.117000579833984,56.81999969482422,4205198
2023-02-23,56.560001373291016,56.560001373291016,58.08000183105469,55.63999938964844,56.060001373291016,3267079
2023-02-24,54.15999984741211,54.15999984741211,57.939998626708984,52.86000061035156,57.779998779296875,5352084
2023-02-27,55.439998626708984,55.439998626708984,56.08000183105469,53.400001525878906,54.7400016784668,2758044
2023-02-28,57.939998626708984,57.939998626708984,58.279998779296875,53.81999969482422,56.400001525878906,5270095
2023-03-01,59.619998931884766,59.619998931884766,60.72100067138672,57.15999984741211,57.900001525878906,8420093
2023-03-02,65.22000122070312,65.22000122070312,65.5,59.220001220703125,59.63999938964844,14129508
2023-03-03,67.55999755859375,67.55999755859375,69.44000244140625,64.0,64.69999694824219,8179101
2023-03-06,72.87999725341797,72.87999725341797,74.5,67.0,67.0,9497042
2023-03-07,69.41999816894531,69.41999816894531,75.64900207519531,67.44300079345703,73.0999984741211,8701105
2023-03-08,66.26000213623047,66.26000213623047,70.87999725341797,64.44000244140625,70.73999786376953,6137380
2023-03-09,63.0,63.0,66.0,62.34000015258789,66.0,4458324
2023-03-10,62.08000183105469,62.08000183105469,65.0,58.31999969482422,61.0,4976379
2023-03-13,60.34000015258789,60.34000015258789,64.55999755859375,58.41999816894531,62.900001525878906,5613018
2023-03-14,61.599998474121094,61.599998474121094,63.380001068115234,58.68000030517578,60.63999938964844,2510475
2023-03-15,56.86000061035156,56.86000061035156,61.900001525878906,55.220001220703125,60.380001068115234,12421820
2023-03-16,58.040000915527344,58.040000915527344,59.63100051879883,55.59600067138672,57.5,5941422
2023-03-17,54.560001373291016,54.560001373291016,59.27299880981445,54.29999923706055,57.959999084472656,6049430
2023-03-20,54.18000030517578,54.18000030517578,55.619998931884766,50.56800079345703,52.84000015258789,10519443
2023-03-21,58.36000061035156,58.36000061035156,60.20000076293945,54.380001068115234,55.20000076293945,7379281
2023-03-22,62.34000015258789,62.34000015258789,64.84400177001953,57.779998779296875,58.560001373291016,11420404
2023-03-23,62.41999816894531,62.41999816894531,64.16000366210938,59.63999938964844,61.560001373291016,9132303
2023-03-24,60.81999969482422,60.81999969482422,64.0,60.80799865722656,64.0,6706104
2023-03-27,61.380001068115234,61.380001068115234,63.97999954223633,59.84000015258789,60.5,6574207
2023-03-28,61.13999938964844,61.13999938964844,63.31999969482422,58.65399932861328,63.099998474121094,7369594
2023-03-29,63.81999969482422,63.81999969482422,64.1240005493164,61.540000915527344,62.779998779296875,8990237
2023-03-30,67.55999755859375,67.55999755859375,69.03500366210938,63.459999084472656,63.459999084472656,9717000
2023-03-31,67.5,67.5,69.66000366210938,66.45999908447266,66.45999908447266,9633673
2023-04-03,69.30000305175781,69.30000305175781,69.98699951171875,67.44000244140625,68.54000091552734,8329811
2023-04-04,67.23999786376953,67.23999786376953,70.19999694824219,66.68000030517578,69.54000091552734,11484880
2023-04-05,63.70000076293945,63.70000076293945,66.95999908447266,63.08000183105469,66.66000366210938,6957707
2023-04-06,65.0199966430664,65.0199966430664,68.89600372314453,64.13999938964844,64.76000213623047,6758127
2023-04-11,64.0,64.0,67.45999908447266,63.060001373291016,64.19999694824219,4441602
2023-04-12,63.279998779296875,63.279998779296875,67.2750015258789,62.939998626708984,64.5,4429482
2023-04-13,64.91999816894531,64.91999816894531,65.0,62.0,62.02000045776367,3922487
2023-04-14,66.0999984741211,66.0999984741211,67.95899963378906,63.20000076293945,63.20000076293945,4736251
2023-04-17,95.76000213623047,95.76000213623047,97.73999786376953,64.5999984741211,64.5999984741211,38886291
2023-04-18,76.76000213623047,76.76000213623047,92.0,76.41999816894531,87.0,34433124
2023-04-19,84.9800033569336,84.9800033569336,86.0,75.62000274658203,76.94000244140625,15944046
2023-04-20,85.0,85.0,87.80000305175781,82.11000061035156,85.18000030517578,5748643
2023-04-21,89.19999694824219,89.19999694824219,92.76000213623047,85.26000213623047,85.44000244140625,15619984
2023-04-24,98.0,98.0,99.7300033569336,90.15799713134766,91.0,16936322
2023-04-25,92.72000122070312,92.72000122070312,98.22000122070312,90.16000366210938,97.66000366210938,15655906
2023-04-26,91.31999969482422,91.31999969482422,93.0,89.54000091552734,92.73999786376953,8404978
2023-04-27,96.76000213623047,96.76000213623047,97.91999816894531,90.26000213623047,90.87999725341797,12189506
2023-04-28,99.9800033569336,99.9800033569336,100.6500015258789,93.12000274658203,97.66000366210938,11537346
2023-05-02,117.0,117.0,117.4729995727539,100.22000122070312,100.4000015258789,24886357
2023-05-03,116.19999694824219,116.19999694824219,118.0999984741211,111.0999984741211,116.25,23837493
2023-05-04,95.18000030517578,95.18000030517578,116.63999938964844,81.0,116.0999984741211,38276942
2023-05-05,98.4000015258789,98.4000015258789,104.01799774169922,93.05999755859375,94.22000122070312,15102110
2023-05-09,83.4000015258789,83.4000015258789,100.3499984741211,81.63999938964844,97.66000366210938,18449043
2023-05-10,82.22000122070312,82.22000122070312,90.68000030517578,77.24800109863281,84.45999908447266,21666674
2023-05-11,74.73999786376953,74.73999786376953,85.04100036621094,74.4000015258789,81.16000366210938,19622899
2023-05-12,62.900001525878906,62.900001525878906,71.62000274658203,55.47100067138672,60.0,40020175
2023-05-15,61.41999816894531,61.41999816894531,63.40800094604492,57.91999816894531,61.68000030517578,13705302
2023-05-16,61.65999984741211,61.65999984741211,63.900001525878906,58.040000915527344,61.900001525878906,9422761
2023-05-17,59.52000045776367,59.52000045776367,62.040000915527344,57.560001373291016,59.91999816894531,7184044
2023-05-18,61.36000061035156,61.36000061035156,63.84000015258789,59.0,59.0,6562971
2023-05-19,57.400001525878906,57.400001525878906,63.060001373291016,57.400001525878906,61.2400016784668,6254777
2023-05-22,58.119998931884766,58.119998931884766,62.86000061035156,56.959999084472656,57.400001525878906,4044225
2023-05-23,57.7599983215332,57.7599983215332,60.159000396728516,56.31999969482422,59.5,4643941
2023-05-24,57.79999923706055,57.79999923706055,58.880001068115234,56.150001525878906,58.880001068115234,3546810
2023-05-25,56.58000183105469,56.58000183105469,59.060001373291016,55.79999923706055,59.060001373291016,3709012
2023-05-26,59.2400016784668,59.2400016784668,60.099998474121094,56.35200119018555,57.7400016784668,5603570
2023-05-30,61.52000045776367,61.52000045776367,64.73999786376953,60.854000091552734,60.959999084472656,7565213
2023-05-31,61.779998779296875,61.779998779296875,63.3129997253418,59.459999084472656,62.880001068115234,9506686
2023-06-01,60.68000030517578,60.68000030517578,62.97999954223633,58.926998138427734,62.47999954223633,4358010
2023-06-02,63.81999969482422,63.81999969482422,64.27999877929688,59.36000061035156,61.63999938964844,4337242
2023-06-05,63.560001373291016,63.560001373291016,65.9800033569336,62.70000076293945,62.70000076293945,4117030
2023-06-06,62.7599983215332,62.7599983215332,64.33999633789062,60.91999816894531,62.0,3303240
2023-06-07,62.099998474121094,62.099998474121094,66.0,61.040000915527344,63.900001525878906,4215513
2023-06-08,63.540000915527344,63.540000915527344,63.540000915527344,60.86000061035156,60.86000061035156,3234197
2023-06-09,61.959999084472656,61.959999084472656,64.37999725341797,61.7599983215332,62.5,2815955
2023-06-12,64.0199966430664,64.0199966430664,65.0999984741211,61.15999984741211,62.08000183105469,3000451
2023-06-13,68.0,68.0,68.36000061035156,63.7400016784668,65.05999755859375,5519700
2023-06-14,66.12000274658203,66.12000274658203,69.94000244140625,65.41999816894531,67.5,4596034
2023-06-15,68.19999694824219,68.19999694824219,68.48699951171875,65.5,65.5,3620777
2023-06-16,72.83999633789062,72.83999633789062,74.47899627685547,67.40799713134766,68.9000015258789,7676464
2023-06-19,72.83999633789062,72.83999633789062,73.19999694824219,69.68000030517578,71.63999938964844,4051051
2023-06-20,72.9000015258789,72.9000015258789,74.95999908447266,69.5199966430664,73.9800033569336,4220849
2023-06-21,77.83999633789062,77.83999633789062,81.19999694824219,73.9800033569336,76.5,16766293
2023-06-22,74.5999984741211,74.5999984741211,77.0,70.08000183105469,77.0,8375770
2023-06-23,76.0,76.0,79.41999816894531,74.55999755859375,75.0,3165717
2023-06-26,78.0,78.0,78.68000030517578,73.44400024414062,74.05999755859375,3056928
2023-06-27,76.69999694824219,76.69999694824219,79.23600006103516,75.05899810791016,77.77999877929688,2271818
2023-06-28,75.5999984741211,75.5999984741211,79.12999725341797,74.77999877929688,78.0,3161897
2023-06-29,78.33999633789062,78.33999633789062,79.75599670410156,76.12000274658203,77.5,3908533
2023-06-30,81.5,81.5,82.77999877929688,77.30000305175781,77.81999969482422,4414318
2023-07-03,84.5199966430664,84.5199966430664,87.37999725341797,78.95999908447266,80.16000366210938,6373184
2023-07-04,83.5,83.5,85.12000274658203,82.22000122070312,83.81999969482422,1998432
2023-07-05,86.0199966430664,86.0199966430664,87.08000183105469,81.5199966430664,84.36000061035156,2980355
2023-07-06,79.69999694824219,79.69999694824219,86.31999969482422,79.65799713134766,84.81999969482422,4794703
2023-07-07,84.18000030517578,84.18000030517578,84.91999816894531,78.45600128173828,79.9000015258789,2781497
2023-07-10,87.19999694824219,87.19999694824219,87.87999725341797,82.80000305175781,84.23999786376953,4757644
2023-07-11,93.9000015258789,93.9000015258789,94.94000244140625,85.76000213623047,87.9000015258789,9036155
2023-07-12,95.0199966430664,95.0199966430664,103.9000015258789,92.81999969482422,93.80000305175781,9957732
2023-07-13,97.69999694824219,97.69999694824219,101.4000015258789,95.68000030517578,97.36000061035156,7003611
2023-07-14,97.72000122070312,97.72000122070312,98.95999908447266,94.5999984741211,96.13999938964844,4294765
2023-07-17,98.76000213623047,98.76000213623047,100.9000015258789,93.72000122070312,95.86000061035156,4989833
2023-07-18,104.0,104.0,104.8499984741211,96.87999725341797,99.0,6372599
2023-07-19,104.0,104.0,108.52999877929688,102.4000015258789,104.0,5407530
2023-07-20,107.0999984741211,107.0999984741211,108.11000061035156,102.75,103.30000305175781,4295738
2023-07-21,97.0999984741211,97.0999984741211,110.22799682617188,93.30000305175781,109.19999694824219,9895088
2023-07-24,96.95999908447266,96.95999908447266,99.66000366210938,93.0,94.55999755859375,2835443
2023-07-25,99.0199966430664,99.0199966430664,100.0,95.66000366210938,96.5,3011913
2023-07-26,102.75,102.75,104.27899932861328,95.6969985961914,102.30000305175781,5667541
2023-07-27,105.30000305175781,105.30000305175781,107.30000305175781,101.0,101.0,3748436
2023-07-28,103.94999694824219,103.94999694824219,105.94999694824219,100.0,102.75,2804860
2023-07-31,103.0999984741211,103.0999984741211,106.0,102.78399658203125,106.0,2729229
2023-08-01,101.94999694824219,101.94999694824219,104.15599822998047,101.19999694824219,103.0999984741211,2782850
2023-08-02,100.0999984741211,100.0999984741211,104.4000015258789,98.74299621582031,103.5,2480665
2023-08-03,100.69999694824219,100.69999694824219,102.5,98.54000091552734,99.63999938964844,2646841
2023-08-04,106.25,106.25,106.3499984741211,99.55999755859375,100.0,3766283
2023-08-07,105.75,105.75,110.25,103.8499984741211,103.8499984741211,3446952
2023-08-08,104.9000015258789,104.9000015258789,108.0,103.3499984741211,105.0,4603306
2023-08-09,104.0,104.0,108.12999725341797,103.5999984741211,107.69999694824219,2797430
2023-08-10,104.69999694824219,104.69999694824219,106.9000015258789,102.9000015258789,106.75,2720945
2023-08-11,102.80000305175781,102.80000305175781,105.19999694824219,102.05000305175781,103.8499984741211,2580301
2023-08-14,97.4000015258789,97.4000015258789,103.5999984741211,96.27999877929688,102.75,3245745
2023-08-15,99.08000183105469,99.08000183105469,99.95999908447266,96.54000091552734,97.4000015258789,2517507
2023-08-16,99.72000122070312,99.72000122070312,100.94999694824219,97.4800033569336,98.0199966430664,1701796
2023-08-17,96.30000305175781,96.30000305175781,102.25,95.55999755859375,98.9000015258789,2750185
2023-08-18,88.9800033569336,88.9800033569336,96.76000213623047,85.63800048828125,96.76000213623047,9016688
2023-08-21,85.94000244140625,85.94000244140625,90.64199829101562,83.80000305175781,88.87999725341797,4071039
2023-08-22,86.36000061035156,86.36000061035156,91.22000122070312,86.0199966430664,86.9000015258789,2494670
2023-08-23,88.4800033569336,88.4800033569336,88.4800033569336,85.54000091552734,87.30000305175781,2089051
2023-08-24,92.22000122070312,92.22000122070312,93.37999725341797,87.77999877929688,89.69999694824219,2527470
2023-08-25,87.81999969482422,87.81999969482422,94.9000015258789,86.9000015258789,94.9000015258789,2676243
2023-08-29,94.16000366210938,94.16000366210938,96.21700286865234,88.41999816894531,89.86000061035156,4053573
2023-08-30,95.41999816894531,95.41999816894531,95.77999877929688,92.0199966430664,93.0,1878252
2023-08-31,98.5,98.5,100.25,94.0999984741211,97.77999877929688,15253150
2023-09-01,98.68000030517578,98.68000030517578,102.05000305175781,97.13999938964844,97.19999694824219,3118829
2023-09-04,97.58000183105469,97.58000183105469,100.80000305175781,97.0,99.4000015258789,1913769
2023-09-05,96.77999877929688,96.77999877929688,98.5999984741211,95.18000030517578,95.18000030517578,3382801
2023-09-06,95.26000213623047,95.26000213623047,98.95999908447266,94.5199966430664,95.62000274658203,1978943
2023-09-07,91.63999938964844,91.63999938964844,95.26000213623047,91.63999938964844,93.80000305175781,2509022
2023-09-08,85.4000015258789,85.4000015258789,94.12000274658203,85.19999694824219,94.12000274658203,5006977
2023-09-11,88.12000274658203,88.12000274658203,89.25499725341797,85.13999938964844,87.41999816894531,3577364
2023-09-12,92.0199966430664,92.0199966430664,93.23999786376953,88.12000274658203,89.4000015258789,14813502
2023-09-13,87.54000091552734,87.54000091552734,93.95999908447266,85.80000305175781,93.95999908447266,4497882
2023-09-14,68.86000061035156,68.86000061035156,87.41999816894531,64.0,84.5,35144086
2023-09-15,67.58000183105469,67.58000183105469,72.04000091552734,65.30000305175781,70.5,11370604
2023-09-18,67.45999908447266,67.45999908447266,69.18000030517578,65.19999694824219,67.80000305175781,4911241
2023-09-19,68.5999984741211,68.5999984741211,70.87999725341797,65.76000213623047,65.76000213623047,4216384
2023-09-20,68.0,68.0,71.33999633789062,67.16600036621094,70.0,3985240
2023-09-21,67.16000366210938,67.16000366210938,69.69999694824219,65.26000213623047,69.69999694824219,4286387
2023-09-22,69.16000366210938,69.16000366210938,69.77999877929688,65.76000213623047,68.08000183105469,3951862
2023-09-25,70.18000030517578,70.18000030517578,71.5999984741211,67.4800033569336,67.4800033569336,5556589
2023-09-26,72.19999694824219,72.19999694824219,73.5,68.87999725341797,70.08000183105469,3831813
2023-09-27,76.19999694824219,76.19999694824219,77.27200317382812,71.37999725341797,72.4800033569336,4252385
2023-09-28,71.13999938964844,71.13999938964844,75.5999984741211,69.5999984741211,75.0,4057443
2023-09-29,69.83999633789062,69.83999633789062,73.49800109863281,69.5199966430664,69.69999694824219,3227149
2023-10-02,69.77999877929688,69.77999877929688,70.81999969482422,67.61499786376953,69.0999984741211,3405934
2023-10-03,67.33999633789062,67.33999633789062,69.89600372314453,65.42400360107422,68.22000122070312,4192322
2023-10-04,65.68000030517578,65.68000030517578,68.44000244140625,64.83999633789062,65.73999786376953,3060650
2023-10-05,65.63999938964844,65.63999938964844,67.5199966430664,65.0,66.9800033569336,5078585
2023-10-06,69.55999755859375,69.55999755859375,70.97899627685547,65.56999969482422,66.37999725341797,4026999
2023-10-09,65.33999633789062,65.33999633789062,70.5,64.80000305175781,70.5,3367045
2023-10-10,69.18000030517578,69.18000030517578,69.9000015258789,65.05500030517578,67.16000366210938,3355726
2023-10-11,68.95999908447266,68.95999908447266,71.01300048828125,67.5199966430664,69.95999908447266,2397412
2023-10-12,67.5999984741211,67.5999984741211,70.19999694824219,67.0999984741211,68.9000015258789,2017249
2023-10-13,65.55999755859375,65.55999755859375,68.5,65.31999969482422,66.5,2516803
2023-10-16,66.81999969482422,66.81999969482422,68.62000274658203,64.31999969482422,66.04000091552734,2855013
2023-10-17,69.76000213623047,69.76000213623047,73.25399780273438,62.099998474121094,64.95999908447266,6282616
2023-10-18,67.72000122070312,67.72000122070312,72.33999633789062,66.45999908447266,72.0,5431045
2023-10-19,66.12000274658203,66.12000274658203,68.31999969482422,65.93800354003906,67.0,1377461
2023-10-20,66.23999786376953,66.23999786376953,67.0,63.0,65.08000183105469,3131895
2023-10-23,66.04000091552734,66.04000091552734,67.55999755859375,63.2599983215332,64.5999984741211,2062130
2023-10-24,65.45999908447266,65.45999908447266,67.63999938964844,64.5199966430664,64.55999755859375,2831193
2023-10-25,62.720001220703125,62.720001220703125,66.72000122070312,61.459999084472656,64.55999755859375,3055193
2023-10-26,62.0,62.0,64.45999908447266,60.84000015258789,60.959999084472656,2296389
2023-10-27,63.040000915527344,63.040000915527344,63.63999938964844,60.599998474121094,60.599998474121094,2898078
2023-10-30,65.9800033569336,65.9800033569336,66.80000305175781,62.52000045776367,63.70000076293945,2891871
2023-10-31,69.91999816894531,69.91999816894531,70.0,66.77999877929688,67.33999633789062,3325978
2023-11-01,69.18000030517578,69.18000030517578,70.9000015258789,68.22000122070312,70.0,2291130
2023-11-02,70.58000183105469,70.58000183105469,72.63999938964844,67.55999755859375,68.16000366210938,3228629
2023-11-03,72.22000122070312,72.22000122070312,73.5,69.31999969482422,72.0,3068003
2023-11-06,69.44000244140625,69.44000244140625,73.12100219726562,69.26000213623047,72.81999969482422,2411301
2023-11-07,70.05999755859375,70.05999755859375,70.9000015258789,68.0199966430664,68.18000030517578,2286851
2023-11-08,68.80000305175781,68.80000305175781,70.68000030517578,68.08799743652344,68.62000274658203,1088809
2023-11-09,69.83999633789062,69.83999633789062,71.36000061035156,67.0999984741211,67.5,1985281
2023-11-10,68.41999816894531,68.41999816894531,69.66000366210938,66.9800033569336,69.0,2173137
2023-11-13,68.22000122070312,68.22000122070312,70.18000030517578,67.96099853515625,68.41999816894531,2189227
2023-11-14,74.22000122070312,74.22000122070312,75.50499725341797,67.4000015258789,69.9000015258789,6558091
2023-11-15,76.58000183105469,76.58000183105469,79.83999633789062,74.66000366210938,75.0999984741211,6351590
2023-11-16,74.04000091552734,74.04000091552734,78.22000122070312,73.54000091552734,76.4000015258789,2314949
2023-11-17,78.72000122070312,78.72000122070312,78.86000061035156,74.0,74.0,2921710
2023-11-20,78.9000015258789,78.9000015258789,81.33999633789062,77.5999984741211,78.19999694824219,1976826
2023-11-21,76.12000274658203,76.12000274658203,80.31999969482422,76.0,79.9000015258789,1568943
2023-11-22,76.76000213623047,76.76000213623047,77.91999816894531,75.22000122070312,76.0,1447509
2023-11-23,77.81999969482422,77.81999969482422,78.37999725341797,75.0,75.0,1442743
2023-11-24,78.0199966430664,78.0199966430664,79.41999816894531,76.19999694824219,77.5,1463987
2023-11-27,78.37999725341797,78.37999725341797,79.0,76.56099700927734,78.26000213623047,1467297
2023-11-28,78.30000305175781,78.30000305175781,78.5,75.63500213623047,78.5,1663364
2023-11-29,79.86000061035156,79.86000061035156,80.83999633789062,77.66000366210938,79.31999969482422,2505848
2023-11-30,76.18000030517578,76.18000030517578,80.5,75.8949966430664,80.5,3731944
2023-12-01,78.45999908447266,78.45999908447266,78.91999816894531,74.94400024414062,78.08000183105469,1807623
2023-12-04,78.23999786376953,78.23999786376953,82.5,77.04000091552734,77.31999969482422,5163374
2023-12-05,78.08000183105469,78.08000183105469,80.5,76.0,79.0,1909735
2023-12-06,78.37999725341797,78.37999725341797,80.80699920654297,76.81999969482422,78.9000015258789,3185547
2023-12-07,78.0999984741211,78.0999984741211,80.69999694824219,77.45999908447266,80.19999694824219,3332962
2023-12-08,83.26000213623047,83.26000213623047,84.26000213623047,76.69999694824219,76.69999694824219,4144216
2023-12-11,86.37999725341797,86.37999725341797,86.44000244140625,80.80000305175781,80.80000305175781,3622645
2023-12-12,82.5,82.5,88.31999969482422,82.44000244140625,84.08000183105469,2727007
2023-12-13,82.04000091552734,82.04000091552734,84.69999694824219,81.0,81.0,1479672
2023-12-14,86.4000015258789,86.4000015258789,88.06700134277344,83.0199966430664,83.0199966430664,4517993
2023-12-15,86.04000091552734,86.04000091552734,89.9800033569336,84.69999694824219,87.4800033569336,5469033
2023-12-18,86.0,86.0,88.22000122070312,84.40299987792969,84.5999984741211,2189292
2023-12-19,86.5,86.5,88.01100158691406,83.73999786376953,83.73999786376953,2429076
2023-12-20,84.63999938964844,84.63999938964844,89.0,84.18000030517578,88.19999694824219,2643769
2023-12-21,82.80000305175781,82.80000305175781,84.86000061035156,82.0999984741211,83.5,1773238
2023-12-22,81.76000213623047,81.76000213623047,83.22000122070312,80.77999877929688,80.77999877929688,2015743
2023-12-27,87.04000091552734,87.04000091552734,87.04000091552734,80.55999755859375,80.55999755859375,2868136
2023-12-28,87.63999938964844,87.63999938964844,89.25,80.62000274658203,84.58000183105469,1331968
2023-12-29,85.16000366210938,85.16000366210938,88.94000244140625,84.69999694824219,86.0199966430664,1016195
2024-01-02,74.72000122070312,74.72000122070312,88.87999725341797,74.1729965209961,87.19999694824219,13564247
2024-01-03,74.33999633789062,74.33999633789062,75.87999725341797,70.5250015258789,73.08000183105469,8194758
2024-01-04,74.08000183105469,74.08000183105469,76.13999938964844,70.27999877929688,76.13999938964844,6742943
2024-01-05,74.0999984741211,74.0999984741211,74.69999694824219,70.9800033569336,72.4000015258789,2896274
2024-01-08,74.0199966430664,74.0199966430664,74.83999633789062,71.30000305175781,72.87999725341797,2512495
2024-01-09,71.22000122070312,71.22000122070312,72.05999755859375,71.0,73.5999984741211,4250950
2024-01-10,71.63999938964844,71.63999938964844,72.06900024414062,69.66000366210938,71.22000122070312,2492405
2024-01-11,67.77999877929688,67.77999877929688,73.0199966430664,67.30000305175781,72.66000366210938,4420846
2024-01-12,67.69999694824219,67.69999694824219,70.18000030517578,67.41999816894531,70.18000030517578,2736888
2024-01-15,67.16000366210938,67.16000366210938,69.12000274658203,66.0,66.5469970703125,3172311
2024-01-16,74.13999938964844,74.13999938964844,75.12000274658203,67.0199966430664,67.4800033569336,10936927
2024-01-17,70.0,70.0,74.30000305175781,69.18000030517578,74.30000305175781,5134110
2024-01-18,69.12000274658203,69.12000274658203,71.0,68.08000183105469,70.5,3251782
2024-01-19,66.36000061035156,66.36000061035156,69.55999755859375,66.0,69.5,6471813
2024-01-22,66.0,66.0,68.63999938964844,66.0,67.94000244140625,3723911
2024-01-23,64.69999694824219,64.69999694824219,66.9800033569336,64.4990005493164,66.5,3933262
2024-01-24,67.86000061035156,67.86000061035156,68.31999969482422,64.81999969482422,66.68000030517578,3380977
2024-01-25,66.91999816894531,66.91999816894531,68.5999984741211,66.73999786376953,67.5999984741211,1495985
2024-01-26,67.69999694824219,67.69999694824219,68.04000091552734,66.05999755859375,66.77999877929688,3164119
2024-01-29,67.0999984741211,67.0999984741211,68.5999984741211,65.72000122070312,68.5999984741211,1406029
2024-01-30,68.9800033569336,68.9800033569336,69.66000366210938,66.08000183105469,68.5,1732962
2024-01-31,66.33999633789062,66.33999633789062,69.9000015258789,66.33999633789062,68.80000305175781,2208723
2024-02-01,63.880001068115234,63.880001068115234,66.87999725341797,63.880001068115234,66.05999755859375,1712632
2024-02-02,64.5999984741211,64.5999984741211,67.5,64.45999908447266,65.54000091552734,3297345
2024-02-05,63.060001373291016,63.060001373291016,66.68000030517578,62.79999923706055,65.5,2391851
2024-02-06,63.119998931884766,63.119998931884766,64.0,61.52000045776367,64.0,4108255
2024-02-07,61.619998931884766,61.619998931884766,64.0999984741211,61.619998931884766,64.0999984741211,2332736
2024-02-08,61.58000183105469,61.58000183105469,63.540000915527344,60.81999969482422,62.70000076293945,2501665
2024-02-09,63.060001373291016,63.060001373291016,65.54000091552734,60.619998931884766,61.58000183105469,4468449
2024-02-12,66.5999984741211,66.5999984741211,68.69200134277344,62.2599983215332,64.0,4507652
2024-02-13,64.83999633789062,64.83999633789062,67.81999969482422,64.12000274658203,66.5999984741211,3327618
2024-02-14,67.81999969482422,67.81999969482422,68.58000183105469,64.81999969482422,65.4000015258789,3237380
2024-02-15,68.69999694824219,68.69999694824219,69.87999725341797,67.4219970703125,68.4000015258789,3573541
2024-02-16,67.27999877929688,67.27999877929688,71.26000213623047,66.9000015258789,68.9800033569336,2122551
2024-02-19,64.5199966430664,64.5199966430664,68.45999908447266,64.5199966430664,67.30000305175781,1751813
2024-02-20,63.040000915527344,63.040000915527344,66.4000015258789,62.13999938964844,66.4000015258789,3897859
2024-02-21,65.94000244140625,65.94000244140625,67.8280029296875,62.400001525878906,63.36000061035156,4805596
2024-02-22,67.04000091552734,67.04000091552734,68.19499969482422,65.04000091552734,67.0,1840592
2024-02-23,65.30000305175781,65.30000305175781,68.45999908447266,64.55999755859375,66.23999786376953,1627390
2024-02-26,66.0,66.0,66.37999725341797,64.0199966430664,64.87999725341797,1154162
2024-02-27,64.44000244140625,64.44000244140625,67.76000213623047,64.22000122070312,66.4000015258789,2563982
2024-02-28,63.68000030517578,63.68000030517578,66.0999984741211,62.18000030517578,63.599998474121094,3704696
2024-02-29,62.81999969482422,62.81999969482422,64.65799713134766,62.599998474121094,63.7599983215332,2028368
2024-03-01,62.91999816894531,62.91999816894531,64.63999938964844,61.41999816894531,64.63999938964844,4314632
2024-03-04,60.880001068115234,60.880001068115234,65.69999694824219,60.15999984741211,63.959999084472656,5153284
2024-03-05,59.459999084472656,59.459999084472656,61.900001525878906,59.31999969482422,61.79999923706055,5052403
2024-03-06,61.0,61.0,62.709999084472656,59.900001525878906,60.5,3731220
2024-03-07,60.31999969482422,60.31999969482422,61.55400085449219,59.52000045776367,61.099998474121094,2142835
2024-03-08,60.939998626708984,60.939998626708984,61.68000030517578,58.599998474121094,60.0,4609550
2024-03-11,60.63999938964844,60.63999938964844,61.2400016784668,58.720001220703125,60.5,2137426
2024-03-12,60.0,60.0,61.47999954223633,59.08000183105469,60.0,3704845
2024-03-13,61.060001373291016,61.060001373291016,62.0,60.099998474121094,61.52000045776367,2980433
2024-03-14,60.939998626708984,60.939998626708984,62.65999984741211,60.400001525878906,62.0,1725649
2024-03-15,58.0,58.0,60.939998626708984,58.0,60.900001525878906,2795044
2024-03-18,57.380001068115234,57.380001068115234,59.18600082397461,56.900001525878906,57.5,3125415
2024-03-19,58.63999938964844,58.63999938964844,59.34000015258789,56.7599983215332,58.0,1643806
2024-03-20,57.79999923706055,57.79999923706055,59.20000076293945,56.560001373291016,57.400001525878906,2654680
2024-03-21,58.060001373291016,58.060001373291016,59.5,56.29999923706055,59.220001220703125,4584377
2024-03-22,62.86000061035156,62.86000061035156,62.97999954223633,58.84000015258789,59.5,4323625
2024-03-25,62.599998474121094,62.599998474121094,62.70000076293945,59.959999084472656,62.70000076293945,1943624
2024-03-26,67.80000305175781,67.80000305175781,67.80000305175781,61.91999816894531,62.65999984741211,6032517
2024-03-27,68.0199966430664,68.0199966430664,68.91999816894531,66.0,68.0,2788451
2024-03-28,69.0199966430664,69.0199966430664,70.19999694824219,66.86000061035156,66.9800033569336,1901768
2024-04-02,65.5,65.5,70.05000305175781,65.5,69.0,2624298
2024-04-03,66.05000305175781,66.05000305175781,68.19999694824219,65.05000305175781,67.25,1664905
2024-04-04,62.0,62.0,63.099998474121094,62.0,65.5999984741211,3804203
2024-04-05,60.650001525878906,60.650001525878906,63.45000076293945,60.29999923706055,61.900001525878906,5241128
2024-04-08,66.0,66.0,68.25,59.42599868774414,60.79999923706055,4981249
2024-04-09,67.8499984741211,67.8499984741211,69.0,64.80000305175781,64.8499984741211,3743669
2024-04-10,60.400001525878906,60.400001525878906,69.6500015258789,60.25,68.30000305175781,13562334
2024-04-11,59.400001525878906,59.400001525878906,62.04999923706055,59.349998474121094,61.29999923706055,5093801
2024-04-12,61.0,61.0,61.9900016784668,58.70000076293945,60.900001525878906,5337262
2024-04-15,60.0,60.0,62.70000076293945,59.5,59.5,3640691
2024-04-16,58.70000076293945,58.70000076293945,60.29999923706055,58.400001525878906,59.0,3628975
2024-04-17,59.0,59.0,60.599998474121094,57.79999923706055,58.5,3092014
2024-04-18,60.79999923706055,60.79999923706055,61.04999923706055,58.599998474121094,59.900001525878906,2303291
2024-04-19,59.70000076293945,59.70000076293945,61.04999923706055,59.099998474121094,59.20000076293945,1035784
2024-04-22,62.0,62.0,63.45000076293945,59.54999923706055,61.0,2176368
2024-04-23,65.0,65.0,66.0,61.54999923706055,63.0,6349511
2024-04-24,64.5999984741211,64.5999984741211,65.30000305175781,63.20000076293945,63.900001525878906,9484687
2024-04-25,63.349998474121094,63.349998474121094,64.5,62.20000076293945,64.5,3169593
2024-04-26,64.05000305175781,64.05000305175781,65.5,63.612998962402344,64.4000015258789,3134350
2024-04-29,65.9000015258789,65.9000015258789,65.9000015258789,63.650001525878906,64.05000305175781,1780342
2024-04-30,63.5,63.5,66.30000305175781,62.599998474121094,64.0,2244395
2024-05-01,62.29999923706055,62.29999923706055,64.4000015258789,61.95000076293945,62.25,1283213
2024-05-02,62.349998474121094,62.349998474121094,63.29999923706055,61.349998474121094,63.0,2094805
2024-05-03,63.25,63.25,64.69999694824219,61.29999923706055,62.5,2376485
2024-05-07,63.650001525878906,63.650001525878906,65.75,63.099998474121094,63.400001525878906,2921804
2024-05-08,64.0,64.0,64.98400115966797,63.0,64.94999694824219,2303488
2024-05-09,63.599998474121094,63.599998474121094,64.4000015258789,62.54999923706055,62.900001525878906,1650921
2024-05-10,68.4000015258789,68.4000015258789,68.4000015258789,63.902000427246094,64.05000305175781,5861358
2024-05-13,68.94999694824219,68.94999694824219,70.3499984741211,67.26399993896484,68.05000305175781,3826905
2024-05-14,69.5,69.5,70.39099884033203,68.3270034790039,68.5,3078898
2024-05-15,71.19999694824219,71.19999694824219,72.44999694824219,69.49400329589844,70.80000305175781,4893792
2024-05-16,75.25,75.25,75.44999694824219,71.0,72.5,4647208
2024-05-17,74.0,74.0,75.94999694824219,72.9000015258789,73.69999694824219,2678760
2024-05-20,73.6500015258789,73.6500015258789,77.4000015258789,73.55000305175781,75.19999694824219,3038591
2024-05-21,74.0999984741211,74.0999984741211,76.05000305175781,72.05000305175781,73.69999694824219,2054499
2024-05-22,74.5,74.5,75.38999938964844,72.1500015258789,73.3499984741211,2388418
2024-05-23,73.75,73.75,75.4000015258789,73.5999984741211,74.6500015258789,1924797
2024-05-24,76.55000305175781,76.55000305175781,76.55000305175781,72.5,75.6500015258789,1950987
2024-05-28,75.1500015258789,75.1500015258789,77.94999694824219,74.75,77.69999694824219,2462367
2024-05-29,71.0999984741211,71.0999984741211,77.0,71.0999984741211,77.0,3260033
2024-05-30,72.0999984741211,72.0999984741211,73.5999984741211,71.0,71.5999984741211,1865621
2024-05-31,69.0999984741211,69.0999984741211,73.0,68.5999984741211,71.5999984741211,6262639
2024-06-03,69.8499984741211,69.8499984741211,72.19999694824219,69.0,70.1500015258789,3544710
2024-06-04,67.80000305175781,67.80000305175781,70.1500015258789,67.44999694824219,69.0,2148012
2024-06-05,68.1500015258789,68.1500015258789,69.44999694824219,66.9000015258789,68.0,1429754
2024-06-06,70.94999694824219,70.94999694824219,70.94999694824219,66.8499984741211,69.0,1935612
2024-06-07,69.80000305175781,69.80000305175781,71.69200134277344,69.5999984741211,70.80000305175781,2238448
2024-06-10,70.25,70.25,70.89800262451172,68.25,68.5,1881903
2024-06-11,69.1500015258789,69.1500015258789,72.25,69.0,70.0,2461007
2024-06-12,71.94999694824219,71.94999694824219,73.25,69.19999694824219,70.94999694824219,2675563
2024-06-13,67.19999694824219,67.19999694824219,72.75,66.69999694824219,71.19999694824219,5375804
2024-06-14,64.4000015258789,64.4000015258789,69.1500015258789,64.4000015258789,68.69999694824219,4643033
2024-06-17,64.69999694824219,64.69999694824219,65.94999694824219,63.79999923706055,64.9000015258789,2167926
2024-06-18,63.79999923706055,63.79999923706055,65.44999694824219,63.20000076293945,64.0,2650086
2024-06-19,63.099998474121094,63.099998474121094,64.7249984741211,62.70000076293945,63.29999923706055,2078003
2024-06-20,62.79999923706055,62.79999923706055,65.19999694824219,62.5,62.5,2243816
2024-06-21,61.849998474121094,61.849998474121094,64.75,61.5,64.75,5084677
2024-06-24,62.75,62.75,65.30000305175781,61.529998779296875,64.0,4318996
2024-06-25,61.349998474121094,61.349998474121094,63.66600036621094,60.25,62.0,2698948
2024-06-26,62.54999923706055,62.54999923706055,62.54999923706055,61.04999923706055,61.650001525878906,1603192
2024-06-27,62.20000076293945,62.20000076293945,63.29999923706055,60.70000076293945,60.70000076293945,1860793
2024-06-28,62.20000076293945,62.20000076293945,62.849998474121094,61.29999923706055,61.54999923706055,1865524
2024-07-01,64.19999694824219,64.19999694824219,64.3499984741211,61.119998931884766,63.5,2255516
2024-07-02,63.599998474121094,63.599998474121094,64.5,62.599998474121094,64.5,1709682
2024-07-03,64.9000015258789,64.9000015258789,64.9000015258789,62.86800003051758,63.5,1906433
2024-07-04,64.0,64.0,65.0,63.04999923706055,65.0,1276822
2024-07-05,65.9000015258789,65.9000015258789,67.5,63.20399856567383,64.8499984741211,4104894
2024-07-08,67.0,67.0,67.0999984741211,65.0,65.0,1992146
2024-07-09,66.3499984741211,66.3499984741211,68.0,65.0,65.0,2111097
2024-07-10,68.69999694824219,68.69999694824219,69.5199966430664,65.0,65.0,2072826
2024-07-11,68.44999694824219,68.44999694824219,69.55000305175781,66.9000015258789,67.80000305175781,2111922
2024-07-12,67.25,67.25,69.44999694824219,67.25,69.0999984741211,905149
2024-07-15,67.55000305175781,67.55000305175781,69.0,66.5,67.5,1857237
2024-07-16,67.5,67.5,69.5,66.69999694824219,66.80000305175781,2282279
2024-07-17,65.0999984741211,65.0999984741211,68.30000305175781,65.0999984741211,67.69999694824219,1820956
2024-07-18,65.0999984741211,65.0999984741211,67.4000015258789,64.80000305175781,65.9000015258789,2290682
2024-07-19,63.25,63.25,65.6500015258789,63.0,65.6500015258789,1302412
2024-07-22,64.30000305175781,64.30000305175781,65.30000305175781,63.391998291015625,63.45000076293945,1994670
2024-07-23,62.79999923706055,62.79999923706055,64.12999725341797,61.93899917602539,63.5,2697208
2024-07-24,63.29999923706055,63.29999923706055,64.0,61.70000076293945,62.79999923706055,996745
2024-07-25,64.8499984741211,64.8499984741211,65.55000305175781,62.402000427246094,63.70000076293945,3000549
2024-07-26,64.4000015258789,64.4000015258789,65.0,63.25,63.25,1484961
2024-07-29,66.69999694824219,66.69999694824219,67.6500015258789,64.55000305175781,65.0,2600310
2024-07-30,65.0999984741211,65.0999984741211,67.43299865722656,64.44999694824219,65.0,1942099
2024-07-31,66.44999694824219,66.44999694824219,67.0,65.05000305175781,65.05000305175781,1308443
2024-08-01,64.55000305175781,64.55000305175781,67.5,64.3499984741211,67.19999694824219,1337284
2024-08-02,63.45000076293945,63.45000076293945,65.0,61.79999923706055,64.1500015258789,3182462
2024-08-05,60.0,60.0,62.46900177001953,57.04999923706055,62.0,7108145
2024-08-06,63.0,63.0,63.11000061035156,60.04999923706055,60.099998474121094,1941697
2024-08-07,61.25,61.25,64.25,61.25,63.099998474121094,2580308
2024-08-08,60.54999923706055,60.54999923706055,61.854000091552734,60.25,61.0,1213214
2024-08-09,61.099998474121094,61.099998474121094,62.95000076293945,60.43000030517578,61.0,1878443
2024-08-12,61.349998474121094,61.349998474121094,62.0,60.599998474121094,61.20000076293945,1007848
2024-08-13,61.849998474121094,61.849998474121094,62.45000076293945,60.599998474121094,61.25,1415279
2024-08-14,61.70000076293945,61.70000076293945,63.650001525878906,61.244998931884766,63.0,1906259
2024-08-15,63.04999923706055,63.04999923706055,63.250999450683594,61.75,61.75,1544362
2024-08-16,61.45000076293945,61.45000076293945,63.25,61.29999923706055,62.5,1109907
2024-08-19,62.0,62.0,63.349998474121094,61.0,61.0,1125020
2024-08-20,60.20000076293945,60.20000076293945,62.70000076293945,60.20000076293945,62.70000076293945,2505151
2024-08-21,61.20000076293945,61.20000076293945,62.849998474121094,60.099998474121094,61.099998474121094,2230819
2024-08-22,60.95000076293945,60.95000076293945,62.150001525878906,60.78799819946289,61.20000076293945,822662
2024-08-23,59.849998474121094,59.849998474121094,61.79999923706055,59.400001525878906,60.70000076293945,2960827
2024-08-27,59.849998474121094,59.849998474121094,62.70000076293945,59.0,60.0,3271765
2024-08-28,58.400001525878906,58.400001525878906,60.0,58.35599899291992,59.349998474121094,2708760
2024-08-29,58.0,58.0,59.676998138427734,57.70000076293945,59.20000076293945,3601588
2024-08-30,59.45000076293945,59.45000076293945,59.599998474121094,57.70000076293945,57.70000076293945,3311109
2024-09-02,60.0,60.0,60.04999923706055,57.900001525878906,59.0,1160614
2024-09-03,59.70000076293945,59.70000076293945,60.400001525878906,58.75,60.0,1931322
2024-09-04,59.900001525878906,59.900001525878906,59.95000076293945,57.5,58.70000076293945,1649989
2024-09-05,62.95000076293945,62.95000076293945,64.25,58.54999923706055,58.95000076293945,5722877
2024-09-06,59.29999923706055,59.29999923706055,63.849998474121094,59.29999923706055,63.0,2823205
2024-09-09,59.25,59.25,61.5,59.20000076293945,59.5,1671619
2024-09-10,58.25,58.25,60.125,58.0,59.0,3344917
2024-09-11,56.95000076293945,56.95000076293945,58.849998474121094,56.400001525878906,58.29999923706055,4088963
2024-09-12,62.0,62.0,62.0,57.31700134277344,57.54999923706055,3191190
2024-09-13,63.70000076293945,63.70000076293945,64.3499984741211,61.400001525878906,62.599998474121094,4114648
2024-09-16,64.25,64.25,64.4000015258789,62.0,64.0,3029526
2024-09-17,56.29999923706055,56.29999923706055,68.19999694824219,55.83100128173828,63.599998474121094,17171758
2024-09-18,53.25,53.25,56.92900085449219,52.715999603271484,56.0,11900803
2024-09-19,53.79999923706055,53.79999923706055,55.650001525878906,53.04999923706055,54.0,8455537
2024-09-20,51.599998474121094,51.599998474121094,54.558998107910156,51.54999923706055,53.75,5927588
2024-09-23,52.20000076293945,52.20000076293945,52.54999923706055,50.599998474121094,51.20000076293945,3598998
2024-09-24,52.54999923706055,52.54999923706055,54.38800048828125,52.099998474121094,52.900001525878906,2970183
2024-09-25,54.25,54.25,54.75,52.29999923706055,52.5,2699653
2024-09-26,55.70000076293945,55.70000076293945,56.29999923706055,54.39400100708008,55.0,3273181
2024-09-27,57.04999923706055,57.04999923706055,57.150001525878906,55.928001403808594,56.5,2501743
2024-09-30,55.0,55.0,57.599998474121094,55.0,57.04999923706055,3049656
2024-10-01,53.54999923706055,53.54999923706055,56.400001525878906,53.29999923706055,55.0,1850236
2024-10-02,53.5,53.5,54.849998474121094,53.29999923706055,53.29999923706055,2527088
2024-10-03,53.79999923706055,53.79999923706055,54.54999923706055,52.4379997253418,53.599998474121094,3799526
2024-10-04,55.75,55.75,56.400001525878906,53.650001525878906,54.400001525878906,3753127
2024-10-07,54.400001525878906,54.400001525878906,56.349998474121094,54.395999908447266,55.04999923706055,1879531
2024-10-08,53.150001525878906,53.150001525878906,54.650001525878906,52.400001525878906,54.150001525878906,2094628
2024-10-09,53.20000076293945,53.20000076293945,54.099998474121094,52.5,52.5,1524410
2024-10-10,51.70000076293945,51.70000076293945,54.04999923706055,51.45000076293945,53.900001525878906,3089147
2024-10-11,47.720001220703125,47.720001220703125,49.2599983215332,47.2599983215332,49.0,29139875
2024-10-14,47.0,47.0,49.15999984741211,46.70000076293945,47.36000061035156,8532870
2024-10-15,46.7400016784668,46.7400016784668,48.20000076293945,46.58000183105469,46.65999984741211,5908569
2024-10-16,49.0,49.0,49.0,47.13600158691406,47.09199905395508,5606014
2024-10-17,48.959999084472656,48.959999084472656,49.2599983215332,48.13999938964844,49.119998931884766,7385621
2024-10-18,48.31999969482422,48.31999969482422,49.400001525878906,48.060001373291016,48.540000915527344,3517046
2024-10-21,47.2400016784668,47.2400016784668,48.82099914550781,46.7599983215332,48.0,4137007
2024-10-22,47.0,47.0,47.36000061035156,46.68000030517578,46.70000076293945,3046116
2024-10-23,46.0,46.0,47.7599983215332,45.779998779296875,47.7599983215332,3701250
2024-10-24,45.7599983215332,45.7599983215332,46.29999923706055,45.37699890136719,46.0,1989776
2024-10-25,46.459999084472656,46.459999084472656,46.91999816894531,45.08000183105469,45.63999938964844,3619568
2024-10-28,45.68000030517578,45.68000030517578,47.2599983215332,45.68000030517578,46.439998626708984,4026394
2024-10-29,45.0,45.0,46.63999938964844,44.720001220703125,45.5,2712600
2024-10-30,46.459999084472656,46.459999084472656,48.459999084472656,44.97999954223633,45.0,3892843
2024-10-31,46.7400016784668,46.7400016784668,47.74800109863281,46.08000183105469,46.2599983215332,3781261
2024-11-01,46.7400016784668,46.7400016784668,47.5,46.08000183105469,47.5,2197423
2024-11-04,46.880001068115234,46.880001068115234,47.40599822998047,46.0,46.0,1432648
2024-11-05,45.15999984741211,45.15999984741211,47.400001525878906,45.15999984741211,47.400001525878906,2218066
2024-11-06,45.0,45.0,46.71500015258789,44.81999969482422,45.5,2454144
2024-11-07,43.13999938964844,43.13999938964844,45.939998626708984,43.0,44.0,8027197
2024-11-08,42.68000030517578,42.68000030517578,43.39400100708008,42.119998931884766,43.13999938964844,4719566
2024-11-11,42.5,42.5,43.5,42.099998474121094,43.41999816894531,2042250
2024-11-12,41.20000076293945,41.20000076293945,43.099998474121094,41.08000183105469,42.5,2787712
2024-11-13,42.13999938964844,42.13999938964844,42.79999923706055,40.880001068115234,41.13999938964844,3847708
2024-11-14,43.08000183105469,43.08000183105469,43.47100067138672,41.41999816894531,41.63999938964844,2079738
2024-11-15,42.0,42.0,43.79999923706055,41.560001373291016,43.79999923706055,2288220
2024-11-18,41.040000915527344,41.040000915527344,42.0,40.52000045776367,42.0,3331423
2024-11-19,40.84000015258789,40.84000015258789,41.279998779296875,40.323001861572266,41.18000030517578,2977775
2024-11-20,39.900001525878906,39.900001525878906,41.400001525878906,38.97999954223633,41.13999938964844,5051612
2024-11-21,40.220001220703125,40.220001220703125,40.41999816894531,39.099998474121094,40.41999816894531,3072235
2024-11-22,41.63999938964844,41.63999938964844,42.68000030517578,39.41999816894531,39.41999816894531,4989337
2024-11-25,44.040000915527344,44.040000915527344,44.92900085449219,41.7400016784668,42.63999938964844,7987953
2024-11-26,43.02000045776367,43.02000045776367,45.099998474121094,43.0,43.619998931884766,2418699
2024-11-27,43.29999923706055,43.29999923706055,44.52000045776367,43.0,43.02000045776367,2167800
2024-11-28,44.86000061035156,44.86000061035156,47.31999969482422,43.5,44.0,6037444
2024-11-29,47.81999969482422,47.81999969482422,48.29999923706055,44.099998474121094,45.41999816894531,3433917
2024-12-02,47.7400016784668,47.7400016784668,49.020999908447266,47.29999923706055,48.15999984741211,4245102
2024-12-03,45.86000061035156,45.86000061035156,48.13999938964844,45.86000061035156,47.86000061035156,2555048
2024-12-04,46.34000015258789,46.34000015258789,47.20000076293945,45.2400016784668,46.900001525878906,4306801
2024-12-05,44.400001525878906,44.400001525878906,46.41999816894531,44.18899917602539,46.0,3393532
2024-12-06,45.900001525878906,45.900001525878906,46.08000183105469,44.20000076293945,45.5,3874918
2024-12-09,47.060001373291016,47.060001373291016,47.900001525878906,45.5,46.0,3592621
2024-12-10,48.34000015258789,48.34000015258789,48.34000015258789,46.63999938964844,47.099998474121094,2930288
2024-12-11,51.849998474121094,51.849998474121094,52.20000076293945,48.0,48.29999923706055,7938796
2024-12-12,53.25,53.25,54.79999923706055,51.849998474121094,52.0,10325497
2024-12-13,51.54999923706055,51.54999923706055,55.0,51.29999923706055,53.900001525878906,10318251
2024-12-16,53.900001525878906,53.900001525878906,54.70000076293945,50.19499969482422,50.599998474121094,9929645
2024-12-17,53.79999923706055,53.79999923706055,54.900001525878906,53.0,53.0,4273342
2024-12-18,47.79999923706055,47.79999923706055,54.75,47.7599983215332,53.0,4923972
2024-12-19,43.880001068115234,43.880001068115234,47.79999923706055,43.34000015258789,46.720001220703125,9333329
2024-12-20,44.91999816894531,44.91999816894531,45.0,43.380001068115234,44.0,11001219
2024-12-23,45.18000030517578,45.18000030517578,45.560001373291016,43.540000915527344,44.040000915527344,2213798
2024-12-24,45.31999969482422,45.31999969482422,46.11000061035156,45.02000045776367,45.560001373291016,3775149
2024-12-27,44.91999816894531,44.91999816894531,46.58000183105469,44.5,46.0,1312492
2024-12-30,44.31999969482422,44.31999969482422,44.91999816894531,43.79999923706055,44.5,1029869
